player_name,exp_points,actual_points,shots,luck
AJ Price,113.03268785362927,117,137,3.9673121463707304
Aaron Brooks,774.5924258446547,809,817,34.40757415534529
Aaron Gordon,225.93072565582878,199,208,-26.93072565582878
Adreian Payne,204.2358557888558,183,220,-21.235855788855787
Al Horford,966.1660696930068,1049,965,82.83393030699324
Al Jefferson,810.8309316535783,974,1010,163.16906834642168
AlFarouq Aminu,401.0020828821939,328,357,-73.00208288219392
Alan Anderson,439.3756908059472,463,440,23.624309194052785
Alec Burks,276.4220341348561,268,300,-8.42203413485612
Alex Kirk,4.25933125165105,2,4,-2.2593312516510498
Alex Len,393.90746913256544,359,353,-34.90746913256544
Alexey Shved,321.46535670537503,313,335,-8.46535670537503
Alexis Ajinca,319.6276830324832,362,329,42.37231696751678
Allen Crabbe,171.17595811295064,156,153,-15.175958112950639
Alonzo Gee,213.39278850793391,187,186,-26.392788507933915
Amare Stoudemire,482.96296618570153,546,490,63.03703381429847
Amir Johnson,568.9004335476274,615,519,46.09956645237264
Anderson Varejao,205.68351040139171,222,200,16.316489598608285
Andre Dawkins,5.955249406465781,3,6,-2.9552494064657813
Andre Drummond,1107.8816971077854,988,962,-119.88169710778539
Andre Iguodala,593.4868703362007,536,496,-57.486870336200695
Andre Miller,249.10837198641224,297,290,47.89162801358776
Andre Roberson,245.23027582102895,205,201,-40.230275821028954
Andrea Bargnani,308.13630853467964,343,361,34.86369146532036
Andrei Kirilenko,3.5991407783601197,0,5,-3.5991407783601197
Andrew Bogut,411.50142961003047,400,355,-11.50142961003047
Andrew Nicholson,183.82096648868645,179,190,-4.820966488686452
Andrew Wiggins,1077.2510810070312,1033,1140,-44.25108100703119
Anthony Bennett,291.31180676627434,257,297,-34.311806766274344
Anthony Davis,1154.510324776046,1285,1199,130.489675223954
Anthony Morrow,604.3835484778249,711,615,106.61645152217511
Anthony Tolliver,432.56678647325793,428,393,-4.566786473257935
Archie Goodwin,207.16331036152715,170,201,-37.16331036152715
Arinze Onuaku,18.258124975556274,24,14,5.7418750244437256
Aron Baynes,369.9952226087663,371,327,1.004777391233688
Arron Afflalo,825.1734138826079,868,884,42.82658611739214
Austin Daye,140.19496417391665,124,140,-16.194964173916645
Austin Rivers,492.62883285395105,445,495,-47.62883285395105
Avery Bradley,962.8494638802854,992,1011,29.150536119714616
Ben Gordon,265.7798113732844,293,295,27.220188626715583
Ben McLemore,865.3064249234967,866,831,0.6935750765032935
Beno Udrih,479.6374573184436,518,505,38.36254268155642
Bernard James,32.651651842904,24,27,-8.651651842904002
Bismack Biyombo,212.61436755400175,202,186,-10.614367554001745
Blake Griffin,1117.5403978070779,1158,1144,40.45960219292215
Bojan Bogdanovic,620.2623396973764,613,576,-7.262339697376433
Boris Diaw,636.5673194299796,636,632,-0.5673194299796478
Bradley Beal,822.739752755164,834,852,11.260247244836023
Brandan Wright,427.0333089233271,466,363,38.96669107667287
Brandon Bass,667.1088000106572,697,683,29.891199989342795
Brandon Davies,138.88853578210205,118,137,-20.888535782102053
Brandon Jennings,531.1640869199189,512,543,-19.164086919918873
Brandon Knight,843.3033100756026,875,888,31.696689924397447
Brandon Rush,55.054961145083034,25,54,-30.054961145083034
Brendan Haywood,27.713576094528502,28,30,0.2864239054714979
Brian Roberts,405.9572396055959,414,452,8.042760394404127
Brook Lopez,948.4404632442449,1013,987,64.55953675575506
Bruno Caboclo,13.354203307147415,10,12,-3.354203307147415
Bryce Cotton,63.746655829624814,65,69,1.2533441703751862
CJ McCollum,365.42277065069163,373,365,7.577229349308368
CJ Miles,814.2448026108166,812,827,-2.2448026108165777
CJ Watson,390.53492437091137,432,417,41.46507562908863
CJ Wilcox,37.19057957722093,39,38,1.8094204227790698
Cameron Bairstow,12.784279936177585,6,14,-6.784279936177585
Carl Landry,332.61633622079177,380,369,47.383663779208234
Carlos Boozer,669.4472004774582,742,743,72.55279952254182
Carmelo Anthony,700.3530753343273,777,806,76.64692466567271
Caron Butler,362.41484669627675,405,396,42.585153303723246
Cartier Martin,51.65883858094679,36,53,-15.658838580946792
Chandler Parsons,896.1121893359888,898,829,1.8878106640112264
Channing Frye,492.6143149517284,518,487,25.385685048271625
Charles Hayes,48.525413622689975,44,46,-4.525413622689975
Charlie Villanueva,390.1816613440147,383,362,-7.181661344014685
Chase Budinger,408.3233051728194,390,390,-18.323305172819403
Chris Andersen,247.52344733078576,244,207,-3.523447330785757
Chris Bosh,709.972970639246,749,745,39.027029360754
Chris Copeland,300.96971671437194,276,310,-24.96971671437194
Chris DouglasRoberts,21.862985620211596,11,21,-10.862985620211596
Chris Johnson,164.1022831322657,152,154,-12.102283132265711
Chris Kaman,521.1971814241517,566,549,44.80281857584828
Chris Paul,1033.15016172085,1275,1171,241.84983827914994
Cleanthony Early,217.71184649279442,174,214,-43.71184649279442
Clint Capela,35.16617508339173,28,29,-7.166175083391728
Cody Zeller,385.5512188450904,345,373,-40.551218845090375
Cole Aldrich,309.3123886516332,288,301,-21.312388651633228
Corey Brewer,878.2463090333371,746,805,-132.24630903333707
Cory Jefferson,169.64741090451747,152,167,-17.64741090451747
Cory Joseph,383.09006724083076,430,411,46.90993275916924
Courtney Lee,657.8092645080243,666,644,8.190735491975715
DJ Augustin,622.4803617413946,596,645,-26.48036174139463
Dahntay Jones,19.939053479816803,12,21,-7.939053479816803
Damian Lillard,1405.6264066187534,1376,1360,-29.626406618753435
Damjan Rudez,269.1613997601662,307,263,37.838600239833795
Danilo Gallinari,563.7721487818427,563,568,-0.7721487818427022
Danny Granger,160.30467785598438,160,162,-0.30467785598438013
Danny Green,786.9514456050538,835,738,48.04855439494622
Dante Cunningham,306.87447414422735,311,339,4.125525855772651
Dante Exum,431.35020013650836,373,416,-58.35020013650836
Darius Miller,4.728727102825168,2,7,-2.728727102825168
Darius Morris,101.03030217893694,79,106,-22.030302178936935
Darrell Arthur,372.4259752999042,336,384,-36.42597529990422
Darren Collison,506.8169329613281,580,550,73.18306703867188
David Lee,325.3078220725098,320,313,-5.3078220725097935
David Stockton,5.095844329930007,5,6,-0.09584432993000735
David Wear,2.1206395832059255,0,2,-2.1206395832059255
David West,578.7873348612105,650,686,71.21266513878948
DeAndre Jordan,760.9598574383166,759,534,-1.9598574383165897
DeJuan Blair,56.57022700693439,52,57,-4.570227006934388
DeMar DeRozan,921.8841590789689,843,990,-78.88415907896888
DeMarcus Cousins,955.2582815983011,998,1066,42.741718401698904
DeMarre Carroll,715.229896999538,756,653,40.77010300046197
Dennis Schroder,695.0226942240255,620,665,-75.02269422402549
Deron Williams,721.9525942810379,683,771,-38.95259428103793
Derrick Favors,913.2105825598856,965,918,51.78941744011445
Derrick Rose,781.1703543120681,752,835,-29.17035431206807
Derrick Williams,513.1554120998578,483,485,-30.155412099857813
Devin Harris,555.5297803175258,533,524,-22.52978031752582
Devyn Marble,49.76766928644571,32,44,-17.76766928644571
Dewayne Dedmon,193.2162117260341,182,162,-11.21621172603409
Dion Waiters,971.5214612378693,823,946,-148.5214612378693
Dirk Nowitzki,971.97722436473,1078,1062,106.02277563527002
Donald Sloan,334.27141073654644,333,356,-1.2714107365464429
Donatas Motiejunas,720.0122211026804,755,699,34.98777889731957
Dorell Wright,194.302566223934,185,190,-9.302566223934008
Doug McDermott,113.52684377792711,99,107,-14.526843777927112
Draymond Green,907.7261697964864,789,765,-118.72616979648637
Drew Gooden,251.47470574786053,243,277,-8.474705747860526
Drew Gordon,20.444842439269184,16,19,-4.444842439269184
Dwight Buycks,33.255992801955436,43,40,9.744007198044564
Dwight Howard,490.0846905584303,503,423,12.915309441569718
Dwight Powell,73.38252266932794,65,67,-8.38252266932794
Dwyane Wade,1021.6908876306094,1047,1084,25.30911236939062
ETwaun Moore,125.76009483247611,137,139,11.239905167523887
Earl Barron,36.1755373447576,26,39,-10.1755373447576
Earl Clark,30.790740727287073,26,30,-4.790740727287073
Ed Davis,505.19132971436056,564,469,58.80867028563944
Ekpe Udoh,22.529078033951798,22,24,-0.529078033951798
Elfrid Payton,672.8764801034778,613,708,-59.876480103477775
Elijah Millsap,225.51789441520293,190,238,-35.51789441520293
Elliot Williams,36.999104361354675,36,37,-0.9991043613546751
Elton Brand,83.38612378802695,84,95,0.6138762119730501
Enes Kanter,925.9069850867028,980,928,54.093014913297225
Eric Bledsoe,1057.0483258216584,1024,1047,-33.04832582165841
Eric Gordon,664.1727029623795,711,694,46.8272970376205
Eric Moreland,0.405534508472952,2,1,1.594465491527048
Erick Green,142.902172069652,136,162,-6.902172069652011
Ersan Ilyasova,581.7040030510653,600,557,18.295996948934658
Evan Fournier,590.3643317627336,591,575,0.6356682372663727
Evan Turner,698.1517602222498,673,746,-25.151760222249777
Festus Ezeli,163.77547438619726,152,139,-11.77547438619726
Francisco Garcia,66.24354038619352,44,63,-22.243540386193516
Furkan Aldemir,81.61647955704136,80,78,-1.6164795570413588
Gal Mekel,14.768509768209913,6,20,-8.768509768209913
Garrett Temple,171.43292136003612,169,170,-2.4329213600361186
Gary Harris,223.44613755400852,153,217,-70.44613755400852
Gary Neal,412.3193316644289,426,503,13.680668335571113
George Hill,499.00700545355556,579,535,79.99299454644444
Gerald Green,775.1742473504552,785,778,9.825752649544825
Gerald Henderson,760.4121776649438,785,847,24.587822335056217
Gerald Wallace,36.38192035949649,29,34,-7.38192035949649
Giannis Antetokounmpo,788.732902610651,773,780,-15.732902610650967
Gigi Datome,87.36351893184857,104,89,16.636481068151426
Glen Davis,256.3826507734772,234,255,-22.382650773477224
Glen Rice Jr,15.065821877194878,7,15,-8.065821877194878
Glenn Robinson,63.5279162020524,57,67,-6.527916202052403
Goran Dragic,1039.976501071407,1094,1002,54.02349892859297
Gordon Hayward,1039.4582753214584,1088,1087,48.54172467854164
Gorgui Dieng,512.9767378715559,519,512,6.023262128444117
Grant Jerrett,27.822038172995356,15,26,-12.822038172995356
Greg Monroe,816.1987872820454,846,853,29.801212717954627
Greg Smith,60.31234993933306,60,49,-0.31234993933306043
Greg Stiemsma,10.109894469671392,12,8,1.8901055303286078
Greivis Vasquez,739.5100044336557,725,725,-14.510004433655695
Harrison Barnes,782.5738065953484,719,656,-63.5738065953484
Hassan Whiteside,428.29625353542514,486,387,57.70374646457486
Hedo Turkoglu,197.43416993117543,226,188,28.565830068824567
Henry Sims,457.23905695770605,480,502,22.760943042293945
Henry Walker,173.96616396883357,161,167,-12.96616396883357
Hollis Thompson,532.8688243666273,563,543,30.131175633372663
Ian Clark,58.248827544493416,48,55,-10.248827544493416
Ian Mahinmi,233.56084089355443,232,211,-1.5608408935544276
Iman Shumpert,476.37198811187415,453,471,-23.371988111874145
Isaiah Canaan,369.119627651224,383,378,13.880372348776007
Isaiah Thomas,774.7812134734191,799,797,24.218786526580857
Ish Smith,324.1001786030442,304,367,-20.100178603044185
JJ Hickson,482.8604946904584,436,459,-46.86049469045838
JJ Redick,928.9500345215862,1094,938,165.0499654784138
JR Smith,735.4103268942416,793,755,57.58967310575838
JaKarr Sampson,358.9871598217048,323,345,-35.98715982170478
JaMychal Green,49.7530489283167,54,47,4.2469510716832986
JaVale McGee,92.9180351013336,84,79,-8.9180351013336
Jabari Brown,166.02521493817048,163,170,-3.0252149381704783
Jabari Parker,268.66235307134923,262,263,-6.66235307134923
Jack Cooley,19.93975640816113,18,22,-1.9397564081611307
Jae Crowder,576.7564536187456,519,546,-57.75645361874558
Jamaal Franklin,3.085990959460408,3,2,-0.0859909594604078
Jamal Crawford,748.2522251712588,783,839,34.74777482874117
Jameer Nelson,484.92548065142523,499,504,14.074519348574768
James Ennis,272.27196129850626,233,247,-39.271961298506255
James Harden,1554.7194824594865,1502,1470,-52.71948245948647
James Johnson,457.85556331914916,487,404,29.144436680850845
James Jones,209.39982802353924,211,201,1.6001719764607572
James Michael McAdoo,51.4113392538599,48,44,-3.4113392538599
James Young,106.27057915114098,89,102,-17.27057915114098
Jannero Pargo,30.473804825503578,39,35,8.526195174496422
Jared Cunningham,36.223046051925145,28,33,-8.223046051925145
Jared Dudley,430.9889950520768,470,423,39.0110049479232
Jared Sullinger,694.3231924126621,674,707,-20.323192412662138
Jarnell Stokes,38.585851767259804,42,37,3.414148232740196
Jarrett Jack,703.6275225630147,757,817,53.372477436985264
Jason Maxiell,183.69855929477527,162,192,-21.698559294775265
Jason Richardson,167.5625990040474,155,178,-12.5625990040474
Jason Smith,508.5474737615874,529,592,20.452526238412588
Jason Terry,475.26498338834466,502,446,26.73501661165534
Jason Thompson,402.02154506208694,402,428,-0.02154506208694329
Jeff Adrien,44.01497359404406,38,44,-6.014973594044058
Jeff Ayres,112.13109720640381,110,95,-2.1310972064038083
Jeff Green,988.4794488055813,929,967,-59.47944880558134
Jeff Taylor,116.76762500738285,101,114,-15.767625007382847
Jeff Teague,925.9434384914081,887,887,-38.943438491408074
Jeff Withey,67.61180232381355,64,64,-3.6118023238135493
Jerami Grant,348.1458259705277,297,352,-51.14582597052771
Jerel McNeal,10.650000354574448,7,11,-3.6500003545744484
Jeremy Evans,63.02597501728653,66,58,2.9740249827134733
Jeremy Lamb,255.7261791225367,246,250,-9.726179122536706
Jeremy Lin,587.8131829579237,619,654,31.186817042076314
Jerome Jordan,114.0981793958434,100,94,-14.098179395843403
Jerryd Bayless,484.3382828401089,477,516,-7.338282840108889
Jimmer Fredette,154.82395939467258,135,166,-19.823959394672585
Jimmy Butler,900.2832493133895,915,912,14.716750686610453
Joakim Noah,441.8413333156794,380,427,-61.84133331567938
Jodie Meeks,518.6670324553965,518,534,-0.667032455396452
Joe Harris,127.89755313536226,127,120,-0.8975531353622586
Joe Ingles,351.5757930132838,366,354,14.424206986716172
Joe Johnson,914.7287712436002,1013,1025,98.27122875639975
Joel Anthony,63.21969536379161,72,62,8.780304636208392
Joel Freeland,150.27611147832403,148,151,-2.276111478324026
Joey Dorsey,175.7550927783611,160,145,-15.755092778361103
Joffrey Lauvergne,92.92003571331468,75,89,-17.920035713314675
John Henson,398.3316192957533,390,345,-8.331619295753285
John Jenkins,100.509636749883,119,99,18.490363250117
John Lucas III,77.35106042010884,93,104,15.648939579891163
John Salmons,48.03702839581561,40,48,-8.03702839581561
John Wall,1113.9168742647043,1101,1165,-12.916874264704347
Johnny OBryant,113.07495378078076,88,120,-25.07495378078076
Jon Leuer,273.95771051460406,249,273,-24.95771051460406
Jonas Jerebko,407.78963748511023,392,379,-15.789637485110234
Jonas Valanciunas,708.5554917083927,746,652,37.44450829160735
Jordan Adams,83.0136208168304,80,86,-3.0136208168303966
Jordan Clarkson,541.5298885853881,572,596,30.470111414611893
Jordan Farmar,152.168280741625,157,158,4.831719258374989
Jordan Hamilton,35.8842589726433,38,35,2.115741027356698
Jordan Hill,700.665659254616,717,777,16.334340745383997
Jorge Gutierrez,40.47993500934386,44,41,3.520064990656138
Jose Calderon,317.64767082741446,353,354,35.35232917258554
Jose Juan Barea,538.8389167088784,504,536,-34.8389167088784
Josh McRoberts,59.4319749624766,64,53,4.568025037523398
Josh Smith,989.7164587909604,900,986,-89.71645879096036
Jrue Holiday,475.95018244972084,527,534,51.04981755027916
Julius Randle,2.4531872798010883,2,3,-0.4531872798010883
Justin Hamilton,190.48867860296244,180,178,-10.488678602962437
Justin Holiday,276.0283016755128,217,235,-59.02830167551281
Jusuf Nurkic,375.2109460675114,342,383,-33.21094606751137
KJ McDaniels,443.3793309396293,387,434,-56.37933093962931
Kalin Lucas,0.6633709917481484,0,1,-0.6633709917481484
Kawhi Leonard,808.6531047208417,855,822,46.346895279158275
Kelly Olynyk,561.1998793264344,563,528,1.8001206735656297
Kemba Walker,869.8883200733839,841,981,-28.888320073383852
Kendall Marshall,98.18331503106708,110,101,11.816684968932918
Kendrick Perkins,235.83400670646077,204,227,-31.83400670646077
Kenneth Faried,793.2065401965972,747,736,-46.20654019659719
Kent Bazemore,356.8638353275918,330,331,-26.8638353275918
Kentavious CaldwellPope,968.20259700429,933,972,-35.202597004290055
Kenyon Martin,21.255181468506464,18,22,-3.255181468506464
Kevin Durant,484.2153304620071,540,467,55.7846695379929
Kevin Garnett,276.449383191629,287,306,10.55061680837099
Kevin Love,991.5653432972231,970,952,-21.56534329722308
Kevin Martin,560.3187907145336,611,624,50.681209285466366
Kevin Seraphin,411.864035168192,462,450,50.135964831807996
Khris Middleton,814.5550936986485,921,869,106.44490630135147
Kirk Hinrich,351.7739511647367,342,381,-9.773951164736673
Klay Thompson,1416.5773852460486,1443,1299,26.422614753951393
Kobe Bryant,603.3318167315851,586,713,-17.33181673158515
Kosta Koufos,375.1774060835396,364,358,-11.177406083539609
Kostas Papanikolaou,211.08928705980537,169,197,-42.08928705980537
Kris Humphries,431.1514498260404,422,446,-9.151449826040391
Kyle Anderson,81.2752006646434,65,89,-16.275200664643407
Kyle Korver,615.6870364311249,805,600,189.31296356887515
Kyle Lowry,1042.451173101726,992,1043,-50.451173101726
Kyle OQuinn,238.58749921393346,250,242,11.412500786066545
Kyle Singler,455.01632806499254,440,446,-15.016328064992535
Kyrie Irving,1187.4386510907138,1310,1234,122.56134890928615
LaMarcus Aldridge,1250.9180323419985,1355,1415,104.08196765800153
Lance Stephenson,502.1214461070289,432,550,-70.12144610702887
Lance Thomas,389.5989636157359,371,442,-18.598963615735897
Landry Fields,47.24729974621405,41,41,-6.247299746214047
Langston Galloway,487.76604352844447,470,511,-17.76604352844447
Larry Drew,47.95411683110148,44,58,-3.95411683110148
Larry Sanders,203.03394962247734,172,172,-31.033949622477337
Lavoy Allen,281.32105262820977,284,300,2.6789473717902297
LeBron James,1301.483825644275,1368,1279,66.51617435572507
Leandro Barbosa,415.09109303452317,409,386,-6.091093034523169
Lester Hudson,14.320593590876756,15,14,0.6794064091232439
Lorenzo Brown,127.1057763684214,110,122,-17.105776368421402
Lou Amundson,245.67909805091546,218,255,-27.679098050915456
Lou Williams,903.3904545228419,895,917,-8.390454522841878
Louis Williams,9.917119772616493,7,11,-2.917119772616493
Luc Mbah a Moute,614.8314224662955,564,636,-50.83142246629552
Lucas Nogueira,10.36272779717878,4,8,-6.3627277971787795
Luis Scola,576.6209810798538,603,641,26.379018920146223
Luke Babbitt,194.99295546139115,243,191,48.00704453860885
Luke Ridnour,166.4872578554814,170,176,3.5127421445185973
Luol Deng,783.0192972086373,816,788,32.98070279136266
Malcolm Lee,0.9079182912264614,0,1,-0.9079182912264614
Malcolm Thomas,44.71070167577562,36,40,-8.710701675775617
Manu Ginobili,602.1049691057109,591,589,-11.104969105710893
Marc Gasol,999.1606856723349,1063,1072,63.83931432766508
Marcin Gortat,815.8787608674756,878,775,62.12123913252435
Marco Belinelli,462.63104142597297,484,470,21.368958574027033
Marcus Morris,734.481061316351,774,763,39.518938683649026
Marcus Smart,473.9313386100106,441,477,-32.931338610010584
Marcus Thornton,334.9202773483003,334,345,-0.920277348300317
Mario Chalmers,664.2169737242253,607,663,-57.21697372422534
Markel Brown,211.50272378083469,169,210,-42.502723780834685
Markieff Morris,1026.7526416566723,1081,1100,54.24735834332773
Marreese Speights,652.3802629243497,641,646,-11.380262924349722
Martell Webster,87.26931907902141,58,90,-29.269319079021415
Marvin Williams,504.1526262618928,515,495,10.847373738107194
Mason Plumlee,587.711063620304,560,489,-27.711063620304003
Matt Barnes,702.2188787345887,690,623,-12.218878734588657
Matt Bonner,225.49507760260724,234,230,8.504922397392761
Matthew Dellavedova,303.63836336701326,290,307,-13.638363367013255
Maurice Harkless,184.63323853199307,136,158,-48.63323853199307
Meyers Leonard,271.1917080672701,297,245,25.8082919327299
Michael Beasley,201.39928038736494,192,212,-9.39928038736494
Michael CarterWilliams,824.4562955791786,764,919,-60.45629557917857
Michael KiddGilchrist,455.2924421195958,448,482,-7.292442119595819
Mike Conley,869.8695914381302,893,882,23.130408561869785
Mike Dunleavy,493.87792326453706,525,481,31.12207673546294
Mike Miller,118.92821116072413,106,114,-12.928211160724132
Mike Muscala,158.07726276465445,175,151,16.92273723534555
Mike Scott,475.7597481446484,468,453,-7.759748144648427
Miles Plumlee,301.5246669376076,272,254,-29.524666937607606
Miroslav Raduljica,7.76827819045619,6,8,-1.76827819045619
Mirza Teletovic,340.4169358278395,306,319,-34.416935827839495
Mitch McGary,178.50160122601187,176,165,-2.5016012260118714
Mo Williams,743.1933410707669,801,860,57.806658929233095
Monta Ellis,1354.5531656087278,1285,1354,-69.5531656087278
Nate Robinson,239.17023691462586,207,255,-32.17023691462586
Nate Wolters,53.10177716345302,40,57,-13.101777163453022
Nazr Mohammed,26.594910835273463,24,29,-2.5949108352734633
Nene,608.2733972751381,615,601,6.726602724861891
Nerlens Noel,680.0243415940105,604,653,-76.02434159401048
Nick Calathes,247.72768051285095,219,247,-28.727680512850952
Nick Collison,265.2758653713276,228,253,-37.2758653713276
Nick Johnson,76.93118314142188,57,75,-19.931183141421883
Nick Young,399.36188622984173,431,476,31.63811377015827
Nicolas Batum,630.4614973766146,577,598,-53.4614973766146
Nik Stauskas,281.6694724343415,264,296,-17.669472434341515
Nikola Mirotic,644.7268288245726,605,624,-39.726828824572635
Nikola Pekovic,299.74915194985795,278,328,-21.749151949857946
Nikola Vucevic,1153.5453410226764,1264,1206,110.45465897732356
Noah Vonleh,71.18021273510382,65,76,-6.180212735103822
Norris Cole,544.8723889242134,512,557,-32.872388924213396
OJ Mayo,669.5724807323987,691,700,21.42751926760127
Ognjen Kuzmic,13.212284021008696,16,12,2.7877159789913044
Omer Asik,490.7802752950549,426,412,-64.78027529505488
Omri Casspi,417.00427615000547,453,427,35.99572384999453
Otto Porter,385.30318765052556,387,391,1.6968123494744418
PJ Hairston,264.6743075963658,223,269,-41.67430759636579
PJ Tucker,624.2389525798563,609,596,-15.238952579856345
Pablo Prigioni,233.91539463224993,239,228,5.084605367750072
Patrick Beverley,564.2692680859101,523,532,-41.269268085910085
Patrick Christopher,11.44995277247837,6,12,-5.449952772478371
Patrick Patterson,571.4137213526772,585,535,13.586278647322843
Patty Mills,339.2639993288914,318,336,-21.263999328891373
Pau Gasol,1051.855696363957,1152,1153,100.1443036360431
Paul George,46.463943591465394,45,49,-1.4639435914653944
Paul Millsap,988.4836656504043,963,930,-25.483665650404305
Paul Pierce,652.2052700284049,704,656,51.794729971595075
Pero Antic,318.38855810284025,268,296,-50.38855810284025
Perry Jones,186.63498949750942,163,184,-23.634989497509423
Phil Pressey,168.31252638773597,144,174,-24.31252638773597
Quincy Acy,333.9437285780625,322,331,-11.943728578062519
Quincy Miller,32.32100685634891,21,38,-11.321006856348909
Quincy Pondexter,453.56519860944474,467,447,13.434801390555265
Rajon Rondo,639.1826357557592,577,645,-62.18263575575918
Ramon Sessions,310.1334557772514,269,334,-41.13345577725141
Randy Foye,395.0031815860947,390,402,-5.0031815860946836
Rasual Butler,500.91749443669755,527,517,26.082505563302448
Ray McCallum,438.8150673797194,446,470,7.18493262028062
Raymond Felton,100.41414387793152,96,106,-4.414143877931522
Reggie Bullock,72.30324819255719,60,69,-12.303248192557191
Reggie Evans,122.85894023998218,116,137,-6.858940239982175
Reggie Jackson,953.9156687617739,936,996,-17.915668761773873
Reggie Williams,40.654225205830535,33,38,-7.654225205830535
Richard Jefferson,354.67312342840387,354,324,-0.6731234284038692
Ricky Ledo,85.76282298831804,74,96,-11.762822988318035
Ricky Rubio,200.05017094736843,169,219,-31.05017094736843
Robbie Hummel,169.2697778728798,174,172,4.730222127120186
Robert Covington,741.40404790812,765,756,23.595952091880008
Robert Sacre,263.17319871643116,252,306,-11.173198716431159
Robin Lopez,466.5200273123577,468,437,1.4799726876423165
Rodney Hood,351.124679404459,372,374,20.875320595540984
Rodney Stuckey,681.2858433145901,719,754,37.714156685409876
Ronnie Price,208.61386282605804,185,223,-23.61386282605804
Roy Hibbert,627.5788955434568,634,710,6.421104456543162
Rudy Gay,964.2630098841008,1095,1116,130.73699011589918
Rudy Gobert,527.100828248137,516,427,-11.100828248136963
Russ Smith,22.62726311360636,18,25,-4.627263113606361
Russell Westbrook,1479.8168843077578,1340,1471,-139.81688430775785
Ryan Anderson,712.0712306108053,704,729,-8.071230610805287
Ryan Hollins,94.11620143902964,106,82,11.883798560970362
Ryan Kelly,294.0513620133596,253,309,-41.05136201335961
Samuel Dalembert,131.92758120501816,114,130,-17.927581205018157
Sean Kilpatrick,21.27009162347659,18,20,-3.2700916234765884
Sebastian Telfair,117.95576261523031,107,124,-10.955762615230313
Serge Ibaka,783.4557319320857,825,786,41.544268067914345
Sergey Karasev,140.32896312215104,124,134,-16.328963122151038
Seth Curry,2.6437598329231213,0,3,-2.6437598329231213
Shabazz Muhammad,404.6697995494487,408,397,3.330200450551274
Shabazz Napier,216.46825654149995,217,228,0.5317434585000456
Shane Larkin,426.1951924277909,409,432,-17.195192427790914
Shannon Brown,21.376374905525118,17,19,-4.376374905525118
Shaun Livingston,391.02604667340705,396,396,4.973953326592948
Shavlik Randolph,31.871887035999624,18,35,-13.871887035999624
Shawn Marion,291.93655052197494,250,267,-41.93655052197494
Shawne Williams,311.5788193441284,306,300,-5.578819344128419
Shayne Whittington,39.94647865516042,39,42,-0.9464786551604192
Shelvin Mack,292.56320537239696,274,292,-18.563205372396965
Sim Bhullar,1.6139202492194173,2,2,0.38607975078058265
Solomon Hill,623.0199782340925,570,634,-53.01997823409249
Spencer Dinwiddie,145.89685588028792,114,169,-31.896855880287916
Spencer Hawes,427.1320107137752,381,414,-46.13201071377517
Stephen Curry,1507.8790455620451,1592,1341,84.12095443795488
Steve Blake,316.1713214062262,318,326,1.828678593773816
Steve Novak,58.51821450059093,63,56,4.481785499409071
Steven Adams,462.6417829452202,434,399,-28.6417829452202
TJ Warren,212.92149280088103,231,214,18.078507199118974
Taj Gibson,501.4046047845271,510,507,8.595395215472877
Tarik Black,313.0760555746279,314,273,0.923944425372099
Tayshaun Prince,360.04126032252884,385,402,24.958739677471158
Terrence Jones,316.55593383124113,329,299,12.444066168758866
Terrence Ross,789.1991074029415,763,752,-26.199107402941536
Thabo Sefolosha,275.549226801709,233,249,-42.54922680170898
Thaddeus Young,945.960181338641,938,966,-7.96018133864095
Thomas Robinson,257.81792615917897,252,260,-5.817926159178967
Tiago Splitter,332.3385188712333,338,303,5.661481128766695
Tim Duncan,802.9594329408249,840,819,37.040567059175146
Tim Frazier,54.35290792633707,47,61,-7.352907926337068
Tim Hardaway Jr,693.7408387486987,679,717,-14.740838748698707
Timofey Mozgov,663.2021096833254,630,566,-33.202109683325375
Tobias Harris,935.0180787374113,971,949,35.981921262588685
Toney Douglas,45.977177651174635,43,51,-2.9771776511746353
Tony Allen,511.66255068247375,460,455,-51.66255068247375
Tony Parker,732.9779906657833,846,832,113.0220093342167
Tony Snell,387.3272360216075,391,371,3.6727639783924815
Tony Wroten,429.9378050016539,387,434,-42.937805001653885
Toure Murry,5.28533909813992,4,5,-1.2853390981399198
Travis Wear,178.94208656954294,179,209,0.05791343045706299
Trevor Ariza,1019.9224660340506,926,910,-93.92246603405056
Trevor Booker,472.8993787874536,481,464,8.1006212125464
Trey Burke,898.4743395460814,864,1005,-34.47433954608141
Tristan Thompson,552.1066944652315,534,488,-18.1066944652315
Troy Daniels,163.56297986343236,165,165,1.4370201365676394
Ty Lawson,854.2569824550851,878,926,23.743017544914892
Tyler Ennis,133.55799834982386,116,144,-17.557998349823862
Tyler Hansbrough,185.44983568342042,173,165,-12.449835683420417
Tyler Johnson,166.94191137688696,158,167,-8.941911376886964
Tyler Zeller,648.8516771291821,680,617,31.14832287081788
Tyreke Evans,1113.9366466539298,1111,1165,-2.936646653929756
Tyrus Thomas,1.0871932677184626,2,1,0.9128067322815374
Tyson Chandler,587.1346285842767,586,440,-1.1346285842766974
Udonis Haslem,234.935752981665,216,239,-18.93575298166499
Vander Blue,27.4461849224342,20,30,-7.446184922434199
Victor Claver,22.153025001627906,24,20,1.8469749983720938
Victor Oladipo,1133.4685727583524,1030,1086,-103.46857275835237
Vince Carter,405.03484382545065,339,406,-66.03484382545065
Wayne Ellington,563.8753225424696,598,617,34.124677457530424
Wesley Johnson,656.3061763480822,663,691,6.693823651917796
Wesley Matthews,804.6841370831568,844,752,39.31586291684323
Will Barton,352.9963304029666,323,353,-29.996330402966578
Will Bynum,26.526716484805117,20,31,-6.526716484805117
Will Cherry,19.523335390042078,12,19,-7.523335390042078
Willie Green,302.9926892473374,278,306,-24.99268924733741
Wilson Chandler,992.8213587371552,975,975,-17.82135873715515
Xavier Henry,10.872430863093854,6,13,-4.872430863093854
Zach LaVine,662.2981891073391,629,677,-33.29818910733911
Zach Randolph,854.4536845008032,915,932,60.546315499196794
Zaza Pachulia,514.1505530144193,480,529,-34.1505530144193
Zoran Dragic,34.733882678619274,25,30,-9.733882678619274
