personId,playerName,total_shots,actual_points,exp_points,points_diff,pct_diff,se,z,ci_lo,ci_hi,significant,shrinkage,points_diff_shrunk
203999,Jokić,1364,1710,1377.1099114054443,332.89008859455566,24.17309510573606,39.847933791052014,8.354011285506282,254.7881383640937,410.99203882501763,above,0.8603091222855632,286.663354987011
201142,Durant,1124,1344,1122.7278738053326,221.2721261946674,19.708437935605517,38.45505063803132,5.754045893150729,145.90022694412602,296.6440254452088,above,0.8178673973984294,181.2666949638353
202696,Vučević,1038,1229,1063.500162642713,165.4998373572871,15.561806492444086,36.501339498090196,4.534075725246913,93.95721194103032,237.0424627735439,above,0.8095442338735462,134.26473942178177
1630202,Pritchard,866,1073,914.2435013884431,158.75649861155694,17.364793774356247,38.7870721245532,4.093026101628848,82.73383724743267,234.77915997568118,above,0.723770648906867,115.24851611781364
1628983,Gilgeous-Alexander,1656,1883,1741.663342590922,141.33665740907804,8.115038879949308,45.32476431850784,3.118309814384735,52.500119344802684,230.17319547335342,above,0.875256875029142,124.00399883502789
1627734,Sabonis,893,1119,979.102703208424,139.89729679157597,14.288316877600908,30.886821523672335,4.529352322133749,79.35912660517819,200.43546697797376,above,0.8145969258950561,114.19884262828933
1627783,Siakam,1182,1352,1219.740357616133,132.259642383867,10.843261974405435,38.209784762535726,3.461407678840058,57.36846424929698,207.15082051843703,above,0.8341584246854646,110.60838765637853
203897,LaVine,1223,1489,1360.1751284204142,128.82487157958576,9.471197413320699,41.55373055863936,3.10019990618633,47.37955968465262,210.2701834745189,above,0.8199187191392471,105.94376175959934
1629660,Jerome,618,749,629.9827448089651,119.0172551910349,18.892145248696536,29.47614275959057,4.037748634946837,61.24401538223739,176.79049499983242,above,0.6979303554158599,83.33516070134048
201939,Curry,1258,1439,1322.8744591574573,116.1255408425427,8.778273708338387,45.44970974949128,2.5550337171040463,27.0441097335398,205.2069719515456,above,0.801069348463627,93.38576600060618
1627826,Zubac,942,1184,1068.4027018246397,115.59729817536027,10.819637387470179,28.56027735117826,4.047485140076599,59.61915456705088,171.57544178366965,above,0.8511468071606697,98.59262905015744
1628991,Jackson Jr.,1213,1330,1215.0627755875626,114.93722441243744,9.459365122666831,39.682392096175946,2.8964288275230654,37.1597359039326,192.7147129209423,above,0.830832086969604,95.78966897952779
201942,DeRozan,1308,1332,1218.7580548431815,113.24194515681847,9.291585373061546,39.11809508609187,2.894873712730474,36.570478788078404,189.91341152555856,above,0.8545802469518097,97.04882925026968
2544,James,1270,1451,1339.102948498109,111.89705150189093,8.356120164427294,40.050204885561705,2.793919577231186,33.39864992618999,190.39545307759187,above,0.8408978867845741,94.38559617553648
1629639,Herro,1378,1553,1447.1162366930146,105.88376330698543,7.316880332222213,45.35035688467666,2.334794488525013,16.99706381301918,194.7704628009517,above,0.8291461674432437,88.13288637374087
1630169,Haliburton,1006,1170,1073.3233241163143,96.67667588368568,9.00722771148957,39.75401468585906,2.431872017144337,18.75880709940192,174.59454466796944,above,0.7709530139713386,74.86570664711859
1626157,Towns,1215,1420,1324.855097668085,95.14490233191509,7.181532720022162,38.323696769294585,2.482665044154779,20.0304566640977,170.25934799973248,above,0.8408423689872142,80.28093601590321
201572,Lopez,774,927,832.4320146200821,94.5679853799179,11.36044550413865,33.28079313881234,2.8415183792489582,29.337630827845715,159.79833993199009,above,0.7397808988925022,70.25025307114382
1627736,Beasley,1071,1241,1147.1133434582707,93.88665654172928,8.18460155460171,43.247673268275626,2.170906535464416,9.121216935909061,178.6520961475495,above,0.7632275216692421,72.02283845949778
1626181,Powell,945,1093,1002.7143758681025,90.28562413189752,9.004121842147972,37.13257223413789,2.4314400726834995,17.505782552987256,163.06546571080779,above,0.7729471745441563,70.09566701169477
1628973,Brunson,1200,1322,1234.576802764427,87.42319723557307,7.081227918734395,40.04412830741183,2.1831714393790853,8.936705753045885,165.90968871810026,above,0.8251788645052502,72.44252595442657
202685,Valančiūnas,627,698,612.7947587318257,85.20524126817429,13.90436847803756,24.80360328302492,3.435196100176583,36.59017883344545,133.82030370290312,above,0.7705752888380519,65.8646492226971
1629008,Porter Jr.,1048,1249,1166.6700569927839,82.32994300721612,7.056831750651963,38.49441723963191,2.138750211354112,6.880885217537582,157.77900079689465,above,0.7957432036630889,65.8224144885996
1631165,Ellis,464,593,512.169009052843,80.83099094715703,15.782093316547646,28.181379091087067,2.868241141992993,25.595487928626383,136.0664939656877,above,0.587609877247961,47.773233620965314
1628401,White,959,1113,1032.3333283901559,80.66667160984412,7.814014077762805,41.07513424761247,1.963880899903156,0.15940848452368073,161.17393473516455,above,0.7412783689126831,60.15452404525015
203084,Barnes,683,850,770.7776048788469,79.22239512115311,10.278242987301834,32.34785600521913,2.449077153934748,15.82059735092362,142.62419289138262,above,0.7008904004274801,55.82103962508181
1628969,Bridges,1183,1348,1269.604620426258,78.39537957374205,6.174786883448922,40.08608263907613,1.9556757461084961,-0.1733423988471685,156.96410154633128,not distinguishable,0.8207160822606827,64.6464302007377
203078,Beal,694,792,717.1168406194095,74.88315938059054,10.442253638320672,30.82732891193004,2.429116048118301,14.461594713207667,135.30472404797342,above,0.7270661407539069,54.71836516329562
1641729,Sensabaugh,599,707,632.3671864267023,74.63281357329765,11.802132554508873,31.50338258934281,2.3690412723662564,12.886183698185746,136.37944344840957,above,0.6552010370726303,49.197556818864676
1631128,Braun,821,1041,968.1886769418333,72.81132305816675,7.520365068526938,30.892607709800544,2.3569173487114745,12.261811946957685,133.3608341693758,above,0.7877907360931347,57.611516526022754
1630573,Hauser,474,594,522.0787958461958,71.92120415380418,13.775928983523041,30.0476956008313,2.393568049584954,13.027720776174839,130.81468753143352,above,0.5667221485003828,41.0557239891765
1626167,Turner,811,936,864.569984063821,71.43001593617896,8.261912540663236,34.22855780426688,2.086854384711313,4.342042639815887,138.51798923254205,above,0.7468841327440613,53.64619055236492
1630559,Reaves,1037,1154,1084.4161771860563,69.5838228139437,6.416708296855757,39.55991161706907,1.7589478835923409,-7.9536039555116815,147.12124958339908,not distinguishable,0.7831620113585682,54.8199143288984
1628379,Kennard,431,525,456.43715694109653,68.56284305890347,15.021310604594696,26.60904616454609,2.576674212030067,16.409112576393134,120.7165735414138,above,0.5796558871520457,40.00430830849068
1629636,Garland,1174,1320,1252.321445008594,67.67855499140592,5.404247867921919,41.483416463105044,1.6314604910036419,-13.628941276279974,148.98605125909182,not distinguishable,0.8080522850140258,55.01301952927888
1628960,Allen,489,587,519.7167625922131,67.28323740778694,12.94613571288244,29.102637880052338,2.311929168932983,10.24206716288436,124.32440765268953,above,0.5974171206849125,40.48026044922674
1628386,Allen,640,904,838.1305717691903,65.86942823080972,7.85908907865841,22.094637766544494,2.981240467791177,22.56393820838251,109.17491825323692,above,0.8151629943840768,53.865038535140926
1629012,Sexton,867,942,877.2505631115872,64.74943688841279,7.380951305263123,33.617729506485055,1.9260502668962889,-1.1413129442979226,130.64018672112348,not distinguishable,0.7775798200882833,50.62614968924563
1626145,Jones,683,778,713.3731612896756,64.62683871032436,9.059331387445019,33.352317172221426,1.9377016108539216,-0.7437029472296359,129.99738036787835,not distinguishable,0.687913445018025,44.765285640436645
1630198,Joe,588,710,645.804638858393,64.19536114160701,9.940368538554779,32.861865387468825,1.9534910871519346,-0.2138950178318879,128.6046173010459,not distinguishable,0.6272589179720749,40.583410051951894
1627751,Poeltl,411,527,463.25795972377307,63.74204027622693,13.759513234102746,19.071574467754576,3.34225369719733,26.36175431942796,101.1223262330259,above,0.7093925611896814,45.390498310604
1627750,Murray,1121,1218,1155.4577942454032,62.54220575459681,5.412764193212384,38.886572474510665,1.6083239476966482,-13.6754762954441,138.7598878046377,not distinguishable,0.8137103976446889,51.19261664241675
1631260,Green,424,519,458.2840166859772,60.71598331402282,13.248549175483529,28.412119569406237,2.1369747922432696,5.028228957986599,116.40373767005904,above,0.5392894696432734,33.02539679758994
202681,Irving,945,1038,977.5585659804423,60.44143401955773,6.182896465025397,36.17438933775987,1.6708349505285836,-10.460369082451606,131.34323712156709,not distinguishable,0.781992265380903,47.56204738125432
203552,Curry,343,411,352.26718646848883,58.73281353151117,16.672802857488108,23.154591069754154,2.536551535484957,13.349815034793025,104.11581202822931,above,0.5356200497134357,31.688340470648004
202695,Leonard,623,698,642.3581052893692,55.64189471063082,8.662130087946082,28.24361380462553,1.9700699455647637,0.2844116535647885,110.99937776769686,above,0.718898735215976,40.25362059750132
1630217,Bane,1018,1150,1095.9685532462167,54.03144675378326,4.930017982153246,37.91444147049595,1.4250888225751432,-20.280858528388805,128.34375203595533,not distinguishable,0.791199924641315,43.056429942133
1630249,Krejčí,278,366,313.24449848277965,52.75550151722035,16.84163705116773,22.027588054980832,2.3949740382625047,9.581428929457921,95.92957410498278,above,0.45569106814934573,24.25858493865815
1627777,Niang,620,738,685.3499338417444,52.65006615825564,7.682216566816388,32.41869684121782,1.6240648541836271,-10.890579650531294,116.19071196704257,not distinguishable,0.6578247561727005,34.94067883639461
1629661,Johnson,747,869,817.3933994301524,51.606600569847615,6.313557291485994,33.883708234024596,1.5230505531866916,-14.805467568840598,118.01866870853583,not distinguishable,0.7186770865609379,37.39175632466969
1629631,Hunter,762,873,821.5205834099253,51.47941659007472,6.2663574875259505,33.87272924823279,1.5197894510599708,-14.91113273646154,117.86996591661098,not distinguishable,0.7267747126248169,37.71439824962636
1630167,Toppin,599,744,692.8838893787525,51.11611062124746,7.37729818874541,29.25365654356532,1.7473409023287052,-6.221056204140567,108.45327744663548,not distinguishable,0.6878659595298046,35.430855395558076
1630174,Nesmith,379,468,417.49198438275585,50.508015617244155,12.097960561307088,23.995653176511535,2.1048818819687143,3.476535391281544,97.53949584320677,above,0.5673320670989738,28.891465970237814
1629634,Clarke,380,473,422.84484390497033,50.15515609502967,11.861361636066556,18.851793684903672,2.660497824946674,13.20564047261847,87.10467171744087,above,0.6810874122921549,34.334935942843394
1629627,Williamson,508,579,529.0407892648049,49.95921073519514,9.443357062245097,21.471762289131153,2.326740118601449,7.874556648498086,92.0438648218922,above,0.7463298294331234,37.47201969610795
204001,Porziņģis,574,657,608.6039955171233,48.39600448287672,7.951969563025171,28.013252851747087,1.7276110253600354,-6.509971106547567,103.301980072301,not distinguishable,0.6881641774182115,33.562711106615154
1626220,O'Neale,570,661,612.9819551943109,48.0180448056891,7.833516859475533,31.9546145473758,1.5026951658108005,-14.612999707167468,110.64908931854566,not distinguishable,0.6258108512802297,30.35801938170047
1630595,Cunningham,1457,1517,1469.7694312541093,47.23056874589065,3.213467891054875,42.89898959767142,1.1009715890477372,-36.85145086554533,131.31258835732663,not distinguishable,0.8584189961216026,40.841315063919346
1629018,Trent Jr.,657,746,702.9497231247677,43.05027687523227,6.124232709540623,33.39501114140597,1.2891229978316994,-22.40394496192343,108.50449871238797,not distinguishable,0.6704458435253399,29.175345387498513
1642271,Filipowski,518,597,554.6903308277327,42.30966917226726,7.627619740392978,26.831515475674546,1.5768646840177631,-10.280101160054848,94.89943950458937,not distinguishable,0.6620500670479867,28.263754010474525
1629029,Dončić,1025,1099,1057.793173823269,41.206826176731056,3.8955466150149025,38.998423194413185,1.0566280070173257,-35.23008328431878,117.64373563778089,not distinguishable,0.784062646885803,32.62815350193994
1628381,Collins,531,619,577.8823748829532,41.11762511704683,7.115223945941416,25.45158154127531,1.6155233831094387,-8.767474703852777,91.00272493794643,not distinguishable,0.695850506020424,28.844793527085894
1627752,Prince,514,617,578.2360971739722,38.76390282602779,6.703819255746845,29.467989535523714,1.3154580084025698,-18.99335666359869,96.52116231565427,not distinguishable,0.6152617654426453,24.13533767564754
1626164,Booker,1420,1491,1452.2694011975486,38.73059880245137,2.666901800073314,44.49323677427392,0.8704828331312925,-48.4761452751255,125.93734288002824,not distinguishable,0.8426126166792505,32.957420472500104
204456,McConnell,624,663,624.7894174324317,38.21058256756828,6.115753804632997,25.47862331010081,1.4997114287733113,-11.72751912022931,88.14868425536588,not distinguishable,0.7591944863621977,29.226114836330762
1629060,Hachimura,576,688,651.6441248276682,36.35587517233182,5.5790996630172005,28.070792986375807,1.295149559543159,-18.662879080964757,91.3746294256284,not distinguishable,0.6887760166086411,25.2997608300232
1629655,Gafford,403,566,530.5507612553458,35.44923874465417,6.681592287376438,17.4107501658153,2.036054644805373,1.324168419656175,69.57430906965216,above,0.7379507602134989,26.312197543492545
1627827,Finney-Smith,435,519,483.6715340483303,35.32846595166973,7.3042268284781,27.510250678203843,1.2841928037995014,-18.5916253776098,89.24855728094926,not distinguishable,0.5678837109026862,20.333729721552462
201587,Batum,238,296,262.0206440536705,33.97935594632952,12.968198009378767,21.253258784107324,1.5987833344286226,-7.6770312705208354,75.63574316317988,not distinguishable,0.39727509826406626,13.706169427975905
1630583,Aldama,648,746,712.9922269508355,33.007773049164484,4.62947165501715,30.88512894355087,1.0687270598576162,-27.52707968019522,93.54262577852418,not distinguishable,0.6982290722159596,23.32919082547558
1631105,Duren,546,756,723.5029132276783,32.49708677232172,4.491631778971877,20.224439176716952,1.606822641081363,-7.142814014043502,72.13698755868694,not distinguishable,0.7929995555177878,25.93328319048045
1629675,Reid,923,1027,994.6082811738933,32.39171882610674,3.256731261866852,37.05555982212223,0.8741392379874081,-40.23717842525282,105.0206160774663,not distinguishable,0.7653195932916174,25.102617390261955
203932,Gordon,497,603,571.3985107518847,31.601489248115286,5.530551559634259,25.190843320065063,1.2544831805191692,-17.77256365921224,80.97554215544281,not distinguishable,0.671696066787579,21.462070242722373
1629130,Robinson,663,770,739.1234294317312,30.87657056826879,4.177457964227704,34.246112459136945,0.9016080469020024,-36.24580985163962,97.9989509881772,not distinguishable,0.6633035864919168,20.802693525383745
1641774,Vukcevic,242,278,247.35283570800837,30.64716429199163,12.39005981244119,18.18761981714109,1.6850563515247843,-5.000570549604909,66.29489913358816,not distinguishable,0.4820178645282597,14.953381708536913
1630551,Champagnie,411,494,463.7317056164469,30.268294383553098,6.527113418591232,24.207977278387467,1.2503438034278145,-17.17934108208634,77.71592984919253,not distinguishable,0.6023985691921699,18.46940808853848
1630643,Huff,305,395,364.8275550087539,30.172444991246095,8.270330619769693,22.1039342330737,1.3650260027511136,-13.151266105578358,73.49615608807055,not distinguishable,0.5001898911106465,15.311948463451895
1629028,Ayton,468,536,506.47886823691397,29.521131763086032,5.828699599225338,20.94161231590326,1.4096876266144704,-11.524428376084359,70.56669190225642,not distinguishable,0.7241432312478989,21.563839549507154
1629626,Bol,183,224,195.0209403108102,28.979059689189796,14.859460549726137,16.634129222902526,1.74214467741962,-3.6238335876991528,61.581952966078745,not distinguishable,0.38881558483723794,11.428921452639008
1631117,Kessler,420,562,533.1730904848739,28.82690951512609,5.4066699969630045,19.339622215109138,1.490562183402165,-9.078750026487818,66.73256905674,not distinguishable,0.7125589288215837,20.715096169249485
1628988,Holiday,268,306,277.2293556506938,28.770644349306224,10.377921299776402,21.310519924626828,1.3500676872767585,-12.99797470296236,70.5392634015748,not distinguishable,0.4539358698539454,13.271225233902017
1628978,DiVincenzo,593,674,645.2594309932166,28.740569006783403,4.454110645472386,32.31875774687811,0.8892844592567809,-34.6041961770977,92.0853341906645,not distinguishable,0.6389340102733626,18.67232250971761
1627824,Yabusele,563,668,639.3596394177387,28.640360582261337,4.479538403197292,28.283489830370854,1.0126176350242067,-26.79527948526554,84.07600064978821,not distinguishable,0.6756057326700426,19.61315964874933
203114,Middleton,337,368,340.3358083259913,27.66419167400869,8.12849867608127,21.748793213460207,1.2719874340838129,-14.963443024373312,70.29182637239069,not distinguishable,0.5579130523996617,15.649218573587941
1629599,Coffey,510,581,554.3943342653673,26.60566573463268,4.799050800165207,27.20776922251135,0.977870163373023,-26.72156194148956,79.93289341075493,not distinguishable,0.6487304805745504,17.518442610741182
1630572,Mamukelashvili,281,342,316.663759528039,25.33624047196099,8.0009914963817,20.61863075926727,1.2288032492445378,-15.076275816202852,65.74875676012483,not distinguishable,0.4939918963862359,12.721096206937563
1641705,Wembanyama,857,958,932.7667600914234,25.233239908576593,2.7052035930293443,34.64816412786162,0.7282706181908725,-42.67716178203219,93.14364159918537,not distinguishable,0.762789394189579,19.541024604682693
1630557,Kispert,565,630,604.8326340448062,25.16736595519376,4.1610463024932205,29.77135202833869,0.8453551565692247,-33.18448402035007,83.51921593073759,not distinguishable,0.6543477030445116,16.750045598937003
1641764,Podziemski,629,675,649.9747741263676,25.025225873632394,3.850184171727103,30.669325430133643,0.815969230579955,-35.086651969429546,85.13710371669433,not distinguishable,0.6885574320814724,17.514014171651052
1630230,Marshall,712,784,759.1037180390069,24.896281960993065,3.2796943776415226,29.86879455384863,0.8335214839724808,-33.64655536455025,83.43911928653638,not distinguishable,0.7491669934379104,18.909208981997036
1630598,Wiggins,728,840,815.2446609404941,24.7553390595059,3.036553349634611,32.433381808324654,0.7632672783185367,-38.81408928481042,88.32476740382222,not distinguishable,0.7258907838445682,18.25765483749279
1642366,Post,274,319,295.13213334078074,23.86786665921926,8.087179931593456,21.353966240172152,1.1177252221331058,-17.985907171518157,65.72164048995668,not distinguishable,0.46391993511477286,11.284757300397613
1629026,Williams,354,408,384.3285241591318,23.671475840868197,6.159177462213808,22.747769748509686,1.0406064463712548,-20.914152866210785,68.25710454794718,not distinguishable,0.5600356759828667,13.481637481849855
101108,Paul,583,638,616.0085028050319,21.991497194968133,3.5699989683305544,31.36796438280563,0.701081425832745,-39.489712995330905,83.47270738526717,not distinguishable,0.6448430958179954,14.479878272537958
1627780,Payton II,298,373,351.1666619969542,21.83333800304581,6.217372081645718,19.200036659158183,1.1371508497944234,-15.798733848904227,59.46540985499585,not distinguishable,0.5587301020712829,12.388714867720624
202692,Burks,271,318,296.7519092743619,21.24809072563812,7.160220393390361,22.289833645147738,0.9532637642750469,-22.439983218851445,64.93616467012768,not distinguishable,0.43723865043626226,9.510578599725351
1629013,Shamet,230,274,253.10717385955246,20.89282614044754,8.25453732577364,19.845567558275807,1.0527704022118034,-18.00448627377304,59.79013855466812,not distinguishable,0.4138297747231615,8.840637525426637
1629652,Dort,593,686,666.1234452691957,19.876554730804287,2.9839145990082536,31.99038494587274,0.6213290263444821,-42.824599763106285,82.57770922471485,not distinguishable,0.6436324656206406,13.098170550186305
1630314,Williams,188,220,200.2565655791833,19.743434420816698,9.859069720742793,15.455182433810906,1.2774636925426706,-10.548723149452677,50.03559199108607,not distinguishable,0.4374893762455451,8.790158593915825
1631157,Rollins,271,313,293.3747995541615,19.625200445838516,6.689463606166147,19.598607817464547,1.0013568631313838,-18.788070876392,58.03847176806903,not distinguishable,0.5012419498435595,10.03203457461474
1629021,Wagner,249,307,287.4392349463077,19.560765053692307,6.805182687515213,17.470908877962373,1.1196192018588145,-14.682216347113943,53.80374645449856,not distinguishable,0.5163638370590352,10.274263381669265
203081,Lillard,992,1085,1065.67670489807,19.323295101929943,1.813241765829739,39.02676786149312,0.4951292705178342,-57.169169906596565,95.81576011045645,not distinguishable,0.7725204115983787,15.253300306748354
203926,McDermott,117,144,124.77271281235879,19.22728718764121,15.40984944084404,14.871448613441983,1.2928994133269625,-9.920752094705076,48.3753264699875,not distinguishable,0.24547538155485074,4.847225870571917
1631204,Sasser,296,332,313.10555886469757,18.89444113530243,6.03452752605625,21.281351999082748,0.8878402620339536,-22.817008782899755,60.605891053504614,not distinguishable,0.5041758408996435,9.737922851403228
1630191,Stewart,315,369,350.1608797641814,18.839120235818598,5.380132768830702,18.458656781973353,1.0206116543765418,-17.339847056849173,55.01808752848637,not distinguishable,0.6048525177564555,11.57452004205301
1630200,Jones,238,275,256.45796592353196,18.542034076468042,7.230048015742556,16.463992759582762,1.1262173366588593,-13.727391732314175,50.81145988525026,not distinguishable,0.5234420772444851,9.869363814164249
1631216,Houstan,190,224,205.6779897816224,18.322010218377613,8.908104478185011,18.985088186129428,0.9650737483412766,-18.888762626436062,55.53278306319129,not distinguishable,0.34488216838012153,6.4985666920149985
1641716,Walker,360,415,396.7281704630707,18.271829536929317,4.605629470577297,23.10160112223859,0.7909334699463784,-27.007308662658318,63.55096773651695,not distinguishable,0.5607118208970387,10.473455640609151
203076,Davis,910,975,956.8082448285828,18.191755171417185,1.9012958207395392,30.86291551405685,0.5894373512162696,-42.29955923613424,78.68306957896861,not distinguishable,0.8204539109971642,15.16128821673683
1641726,Lively II,191,268,250.09405660508864,17.90594339491136,7.1596836957968035,11.972818957802913,1.4955494990794727,-5.560781762382348,41.37266855220507,not distinguishable,0.5722203956523685,10.36405972719469
1629638,Alexander-Walker,616,681,663.2171439299929,17.782856070007142,2.6813022300105445,31.512868958543905,0.564304573265005,-43.98236708873891,79.5480792287532,not distinguishable,0.6675997853105411,12.167327762503374
1627742,Ingram,333,353,335.54137946961185,17.458620530388146,5.203119972262401,21.12334926808211,0.82650815970593,-23.94314403505279,58.86038509582908,not distinguishable,0.5663990337107785,10.096920671816427
1642419,Battle,347,403,385.8903166248903,17.109683375109682,4.4338203468685045,24.85852182188665,0.6882824126752978,-31.61301939578815,65.83238614600751,not distinguishable,0.5059736025809616,8.904442900675917
201145,Green,121,151,133.91059777103254,17.089402228967458,12.761799673381958,14.186448660021183,1.204628631063043,-10.716037144674061,44.89484160260898,not distinguishable,0.2766087739038615,4.8533978307546635
201569,Gordon,204,230,213.2833016524376,16.716698347562414,7.8377904965123,18.42055798572726,0.9075022787319992,-19.38759530446302,52.82099199958785,not distinguishable,0.3919679729147861,6.7314163277081
1628392,Hartenstein,480,558,541.4405586276584,16.559441372341553,3.058404308371967,20.862536657902535,0.7937405524495024,-24.33113047714741,57.45001322183052,not distinguishable,0.7356167195433075,12.364543157984645
1630590,Pippen Jr.,594,657,640.4615857284211,16.53841427157886,2.5822648290090804,28.156350944783476,0.5873777572957454,-38.64803358019675,71.72486212335447,not distinguishable,0.7005377723233981,11.84249187209459
1628415,Brooks,895,954,937.954719156159,16.045280843841056,1.710666892137007,37.08219903297119,0.4326949658399327,-56.63582926078247,88.72639094846458,not distinguishable,0.7538069997030388,12.413032191788902
1630539,Jones,109,175,159.0142408059659,15.985759194034102,10.053036201669773,8.536340968064414,1.8726711191409706,-0.7454691033721481,32.71698749144035,not distinguishable,0.46149590619467046,7.462070806487016
1630548,Juzang,475,526,510.7058951878554,15.29410481214461,2.994699093206846,28.44499015184685,0.5376730570304525,-40.45807588547521,71.04628550976443,not distinguishable,0.5944356080036355,9.36937297900181
1626204,Nance Jr.,155,194,178.93226648685376,15.067733513146237,8.420914689667372,14.763691149072388,1.0205939260720007,-13.869101139035642,44.004568165328116,not distinguishable,0.366829108366794,5.668915942949267
1642349,Mitchell,184,205,189.95032635311338,15.049673646886617,7.92295224537262,15.469903223366579,0.9728356686908536,-15.271336670911875,45.370683964685114,not distinguishable,0.42646857023567697,6.570507898944664
1627751,Pöltl,168,200,185.56186231478443,14.438137685215565,7.780767828640844,12.336869616564316,1.170324250313057,-9.742126763250493,38.61840213368163,not distinguishable,0.4935979942714977,7.249412394144331
1631119,Williams,221,255,240.74713842360882,14.252861576391183,5.920262093131271,19.282734643178053,0.739151465813156,-23.5412983242378,52.04702147702017,not distinguishable,0.4084328710046015,6.010009055852636
1642261,Knecht,557,642,628.0266563885519,13.973343611448058,2.224960273470133,29.64441169724431,0.47136518525503396,-44.129703315150785,72.0763905380469,not distinguishable,0.6498159855116451,9.361591670946394
1631255,Matković,230,287,273.03529485512405,13.96470514487595,5.114615365858029,16.43122418831429,0.8498882971122443,-18.240494264220054,46.16990455397195,not distinguishable,0.5073592126304995,7.248641128252796
1626171,Portis,595,619,605.5020171859994,13.49798281400058,2.2292217748061174,27.463213478776826,0.491493205062533,-40.329915604402,67.32588123240316,not distinguishable,0.711581049432786,9.852566360249622
1631107,Jović,377,422,408.5868626083661,13.413137391633882,3.282811714994,24.28739594558211,0.5522674156458399,-34.19015866170705,61.016433444974815,not distinguishable,0.558782547149407,7.735078844222933
1631221,Gillespie,158,175,161.72651862085252,13.273481379147483,8.207362337567837,15.740026637607476,0.8432947214608454,-17.57697083056317,44.12393358885814,not distinguishable,0.3462471453836404,4.744972053362637
1629111,Landale,152,173,160.5985591944575,12.401440805542506,7.722012493603056,12.887947853821071,0.9622510073910391,-12.858936987946791,37.661818599031804,not distinguishable,0.4223394782566086,5.364332783403382
1629622,Strus,373,443,430.7904055642127,12.209594435787324,2.8342308180694586,26.045468329123917,0.4687799920316508,-38.83952348929555,63.2587123608702,not distinguishable,0.5187702973898443,6.593018097626294
1630288,Dowtin Jr.,230,252,239.79317157952974,12.20682842047026,5.090565481937314,17.25746308208165,0.7073362036129492,-21.617799220409772,46.03145606135029,not distinguishable,0.4828358642553165,6.06555376045833
203482,Olynyk,268,301,288.980699838886,12.019300161114018,4.159205153775003,18.294464933530897,0.6569910737910961,-23.837851108606536,47.87645143083457,not distinguishable,0.5300696931358988,6.55281871643882
1628404,Hart,770,892,880.0056028938903,11.994397106109659,1.362990993087566,31.153722807101197,0.3850068635577527,-49.066899595808685,73.055693808028,not distinguishable,0.7625227952894836,9.40989157047405
1629674,Queta,203,264,252.31991907985417,11.680080920145826,4.629076040742276,12.63913295745513,0.9241204249897844,-13.092619676466228,36.45278151675788,not distinguishable,0.5755333194637254,6.846627097215069
1629673,Poole,1057,1149,1137.3376210803567,11.662378919643288,1.0254104589071096,41.07624833807371,0.2839202554151809,-68.84706782298119,92.17182566226776,not distinguishable,0.7768090869471775,9.399899000531894
1631114,Williams,1168,1254,1242.5478516162436,11.452148383756366,0.9216665876376503,38.05458971207352,0.30094000409424887,-63.13484745190773,86.03914421942046,not distinguishable,0.8319764744888282,9.81113796691211
1626158,Holmes,139,180,168.77110086836365,11.228899131636354,6.653330501407676,10.840607783078031,1.0358182268308274,-10.018692123196587,32.476490386469294,not distinguishable,0.46356394629859876,5.312920564560778
1631222,LaRavia,337,380,368.8203492854544,11.179650714545573,3.0311914015061308,21.41011700009361,0.5221667268094188,-30.784178605637905,53.14348003472905,not distinguishable,0.5656404451377715,6.53490941425824
202710,Butler,263,297,285.83011894964227,11.16988105035773,3.907874051693498,16.42248716403643,0.6801576971129337,-21.01819379115367,43.35795589186913,not distinguishable,0.5741129959976455,6.574418403894324
203507,Antetokounmpo,1319,1600,1588.996663067265,11.00333693273501,0.6924707388305711,34.01108155315993,0.3235221119192166,-55.65838291145846,77.66505677692848,not distinguishable,0.8877072527299421,9.981492616368973
1629234,Eubanks,194,233,222.1650947761232,10.834905223876802,4.8769610882371905,13.147666783825962,0.8240933849347111,-14.934521672422083,36.604332120175684,not distinguishable,0.533667709821922,5.912798441007406
201143,Horford,461,504,493.6770674251565,10.322932574843492,2.091029390667107,28.02757347657415,0.3683134604382198,-44.611111439241846,65.25697658892884,not distinguishable,0.5871184248551139,6.335470404918115
203992,Bogdanović,486,519,508.84875953733695,10.151240462663054,1.9949425585497969,27.910414700711605,0.36370797680781997,-44.55317235073169,64.85565327605781,not distinguishable,0.614451895040121,6.5078607874272345
1629618,Pickett,180,194,183.91935294450678,10.080647055493216,5.48101485466557,16.829489146552795,0.5989871093358795,-22.90515167175026,43.06644578273669,not distinguishable,0.3754973004321547,3.947480724796428
1641854,Porter Jr.,140,165,154.99718883134582,10.002811168654176,6.453543605580064,13.38607932795287,0.7472547355793911,-16.23390431413345,36.23952665144181,not distinguishable,0.3650531023718873,3.7798423786368853
1628436,Kornet,280,374,365.15943946982134,8.840560530178664,2.4210138297436217,14.71385703330443,0.6008322977563454,-19.998599255098018,37.67972031545534,not distinguishable,0.655577411223833,5.9348465625654905
1642345,Ighodaro,187,226,217.19750618904786,8.802493810952143,4.0527600732627596,12.471040438011709,0.7058347581106511,-15.640745447550806,33.24573306945509,not distinguishable,0.5416646810188003,4.891690348671992
1630558,Mitchell,476,530,522.1190463618328,7.8809536381671705,1.509416998495321,25.918138164002755,0.30407097872149197,-42.91859716327823,58.68050443961257,not distinguishable,0.639362172392321,5.286519629600919
1641810,Reeves,248,277,269.1237290256011,7.876270974398892,2.9266356418722337,19.415703765029747,0.4056649745854229,-30.17850840505941,45.931050353857195,not distinguishable,0.46166048399959864,3.8288351630033666
1629003,Milton,254,268,260.4185478137676,7.581452186232411,2.9112566097458292,18.95940483256187,0.39987817408759746,-29.578981285588853,44.741885658053675,not distinguishable,0.48543301317030346,3.8689066447783915
203957,Exum,134,151,143.49881621369985,7.501183786300146,5.227348896822472,13.501165537198315,0.5555952755066175,-18.96110066660855,33.963468239208844,not distinguishable,0.3411384083909014,2.6863537602419276
1629611,Mann,413,470,462.6602467104619,7.339753289538123,1.5864240210228013,23.657313116895935,0.31025303901887774,-39.02858041957791,53.70808699865415,not distinguishable,0.615667230328593,4.74791564538931
1630162,Edwards,1612,1762,1754.8734861604435,7.126513839556537,0.40609843933245104,49.26656487066323,0.14465213595194584,-89.43595330694339,103.68898098605646,not distinguishable,0.8491074538257458,6.402205588209351
1628418,Bryant,321,374,366.9517035751828,7.048296424817181,1.9207695062173469,21.174047296874296,0.3328743119345751,-34.452836277056434,48.5494291266908,not distinguishable,0.5471041469396634,4.065956438057881
1631133,Walker,229,264,257.1996249612427,6.800375038757295,2.644006592071058,16.768752377852323,0.4055385210255136,-26.066379621833256,39.667129699347846,not distinguishable,0.4950143874760072,3.5331715810295807
1641737,Bona,192,270,263.3163126293227,6.683687370677319,2.538273190877514,11.79736611906508,0.5665406416332351,-16.439150222690238,29.806524964044876,not distinguishable,0.5819747895926302,4.005565823202812
1631103,Branham,190,208,201.3311624504678,6.668837549532213,3.3123722469803476,16.376391277712475,0.4072226558611969,-25.42888935478424,38.766564453848666,not distinguishable,0.4143561179350533,2.923856090517868
1629726,Mathews,257,289,282.77262048178903,6.227379518210967,2.202256890218273,22.178312132389312,0.2807869003302768,-37.242112261272084,49.69687129769402,not distinguishable,0.4137631075406331,2.7940887384237048
202687,Biyombo,114,134,127.82366907166384,6.1763309283361565,4.831914913092833,10.054975918486491,0.6142561631580554,-13.531421871897365,25.884083728569678,not distinguishable,0.40321400671674473,2.588565699415122
1629656,Grimes,823,930,924.1056141744351,5.894385825564882,0.6378476372347038,35.17198775623329,0.16758750931045288,-63.04271017665236,74.83148182778213,not distinguishable,0.7421282512954209,4.680667308891066
203944,Randle,939,1018,1012.1973459616229,5.8026540383771135,0.5732729947898044,34.901863321192465,0.1662562822212914,-62.60499807116011,74.21030614791434,not distinguishable,0.7918639687470468,4.8769611179800645
1642272,McCain,274,303,297.4601193367893,5.539880663210681,1.8623944196493567,20.230000825499875,0.2738448065818995,-34.11092095476907,45.19068228119043,not distinguishable,0.490893523264176,2.920803720628558
203468,McCollum,1000,1059,1053.6486901919595,5.351309808040469,0.5078836862660112,38.494596449795154,0.13901457091567837,-70.09809923355803,80.80071884963897,not distinguishable,0.7800781815319977,4.491819758132693
1629632,White,1121,1232,1226.719203122664,5.280796877335888,0.4304813085091847,41.16288488297798,0.12829025206441855,-75.39845749330094,85.96005124797271,not distinguishable,0.7958451871684484,4.532972089715535
1631093,Ivey,413,443,438.2101382570609,4.789861742939081,1.0930513296635034,23.572760199312413,0.2031947766167322,-41.412748247713246,50.99247173359141,not distinguishable,0.6173602517830536,3.1851312430881875
1630166,Avdija,844,929,924.4008691784627,4.599130821537301,0.49752558385461704,34.061605923661176,0.135023898516261,-62.1616167888386,71.3598784319132,not distinguishable,0.7634360117127226,3.799281031862914
201950,Holiday,573,616,611.417582659064,4.58241734093599,0.7494742498256249,29.90125746344806,0.15325165995234935,-54.024047287422206,63.18888196929419,not distinguishable,0.6587250122231306,3.3007613316080646
1630692,Goodwin,144,152,147.97109793311063,4.028902066889373,2.7227628389367036,14.649042884538424,0.2750283481756849,-24.68322198680594,32.741026120584685,not distinguishable,0.33682482844598916,1.4948508771170432
1629637,Hayes,223,322,317.9976295124669,4.002370487533085,1.2586164537356008,12.38549195473864,0.32314990007335104,-20.27319374375465,28.27793471882082,not distinguishable,0.6301683749315209,2.641187261393612
1628378,Mitchell,1320,1403,1399.2553294891607,3.7446705108393417,0.26761881351607525,44.32144136425353,0.08448891542276245,-83.12535456309757,90.61469558477626,not distinguishable,0.823389721792469,3.4197579081177656
1630241,Merrill,424,481,477.54692854192865,3.4530714580713493,0.7230852617175129,28.56729873214996,0.120874972829868,-52.53883405694258,59.444976973085275,not distinguishable,0.5365817221518858,2.1364182434752172
1628389,Adebayo,1113,1159,1155.5834297496092,3.416570250390805,0.295657601384186,35.30599202827415,0.09677026629515773,-65.78317412502652,72.61631462580813,not distinguishable,0.8393190987044761,3.125682140323577
1628420,Morris,195,197,193.92831271969337,3.0716872803066337,1.5839292557278588,16.855318653479905,0.18223845798800495,-29.96473728051398,36.10811184112725,not distinguishable,0.41297359264025624,1.4337230997610584
1630538,Hyland,118,126,123.17278511826022,2.8272148817397778,2.2953243113122124,14.157028903606793,0.1997039704439317,-24.920561769329538,30.574991532809094,not distinguishable,0.26748780722134846,0.8809860836673082
202709,Joseph,154,163,160.22092132669562,2.779078673304383,1.7345292052326626,16.240686632740616,0.1711182991303991,-29.052667126867224,34.61082447347599,not distinguishable,0.3209331374932909,1.0428175124243322
1630560,Thomas,454,466,463.4928261250185,2.507173874981504,0.5409304596885478,25.55407770027917,0.09811247756181449,-47.578818417565664,52.59316616752867,not distinguishable,0.6239264672318166,1.8106914540048542
203937,Anderson,303,309,306.4993043607271,2.5006956392729194,0.8158894991584663,18.911596556764984,0.1322308051447079,-34.56603361198645,39.56742489053229,not distinguishable,0.5743354968496965,1.62237022704463
1630556,Edwards,135,156,153.83974954371385,2.1602504562861498,1.404221251460313,13.472151887245895,0.16034932461912502,-24.245167242715805,28.565668155288105,not distinguishable,0.345460715845411,0.8738022726952893
1629684,Williams,123,135,133.1547563753019,1.8452436246980994,1.3857887430601488,14.059414140503009,0.13124612492793966,-25.711208090687798,29.401695340083997,not distinguishable,0.2868835212270898,0.6559533015599346
1629048,Bitadze,339,417,415.1561989110678,1.8438010889321959,0.44412225898791496,17.348510649061765,0.10628007938144889,-32.15927978322886,35.84688196109325,not distinguishable,0.6674410930859996,1.3933254686973682
1631223,Roddy,125,133,131.55123523029033,1.448764769709669,1.1012931708117353,13.515987589910997,0.10718896862491194,-25.042570906515884,27.940100445935222,not distinguishable,0.31013851925149516,0.5737642881482873
1627759,Brown,1118,1152,1150.6916395086018,1.3083604913981617,0.1137020941559019,38.03004940883891,0.03440333398815079,-73.23053634992611,75.84725733272244,not distinguishable,0.8195774497347053,1.3634036193032935
1630168,Okongwu,684,824,823.4415842531034,0.5584157468965714,0.06781485870707855,27.371082813555354,0.02040166809257614,-53.08890656767192,54.20573806146506,not distinguishable,0.7664885955590228,0.6585215000188144
1628368,Fox,1163,1196,1195.5535890617448,0.4464109382552124,0.037339266289648294,39.10187341062048,0.011416612538415168,-76.19326094656093,77.08608282307135,not distinguishable,0.823002376527323,0.664466734990768
1629312,Highsmith,391,447,446.59617917372975,0.4038208262702483,0.09042191695803974,24.902507763202895,0.016216070690958793,-48.40509438960743,49.212736042147924,not distinguishable,0.5644212669475245,0.473709453546423
202699,Harris,805,859,858.6990891018474,0.30091089815255145,0.03504264788114401,32.3161088682676,0.009311482993796544,-63.03866248365194,63.64048427995704,not distinguishable,0.7653431615986603,0.5029089600389323
202691,Thompson,877,938,937.761252483405,0.23874751659502635,0.025459307042466156,38.37623615031775,0.006221233256431521,-74.97867533802777,75.45617037121782,not distinguishable,0.732977950918499,0.5129506661490723
203903,Clarkson,492,486,485.9686891510345,0.031310848965517835,0.006442976608270068,26.899677113768636,0.0011639860520664515,-52.69205629402101,52.75467799195204,not distinguishable,0.6374644800020997,0.2773702215229342
1630702,Hardy,414,436,436.0601068312537,-0.060106831253676773,-0.013784070203178869,24.680789192777222,-0.002435369095542006,-48.43445364909703,48.314239986589676,not distinguishable,0.5966025476704414,0.2051552744814508
1641740,Clark,120,134,134.12445796125195,-0.12445796125194875,-0.09279289038238216,12.835012186005926,-0.009696754428300881,-25.281081845823564,25.032165923319667,not distinguishable,0.3148108808714736,0.07947879708072628
1630568,Garza,105,114,114.38093316743995,-0.38093316743994876,-0.3330390449624225,11.567369102388202,-0.03293170331716148,-23.052976608120826,22.29111027324093,not distinguishable,0.302207415168285,-0.009383940102105616
1641732,Jones,129,134,134.5237971870364,-0.5237971870363936,-0.3893713959829184,13.227376353488943,-0.03959947710251952,-26.449454839874722,25.401860465801935,not distinguishable,0.3332982073624078,-0.05046339549842561
1630541,Moody,568,618,618.5888327098354,-0.5888327098354011,-0.09518967668005218,30.23650552048111,-0.0194742315522059,-59.852383529978376,58.67471811030757,not distinguishable,0.6497157747025261,-0.09544309445888298
202331,George,570,586,586.8123529246623,-0.8123529246622638,-0.13843487114978262,29.062117602041813,-0.0279522963806736,-57.77410342466422,56.14939757533969,not distinguishable,0.6690848547464988,-0.2713241049466144
1629014,Simons,1125,1173,1173.842913296916,-0.8429132969160946,-0.07180801514136544,41.611599417261516,-0.020256690651655977,-82.40164815474867,80.71582156091648,not distinguishable,0.7934693268372228,-0.33351472549899813
1630611,Santos,179,198,199.17038283998693,-1.170382839986928,-0.5876289553187289,16.652997426534405,-0.07028061135240878,-33.81025779599436,31.469492116020504,not distinguishable,0.37783174051663837,-0.2814871071985101
1630256,Tate,148,156,157.3814907810196,-1.3814907810196075,-0.877797493316296,13.716228957035634,-0.10071943136462318,-28.26529953680945,25.502317974770236,not distinguishable,0.37963737366484657,-0.3919648187502171
1630578,Sengun,1143,1155,1156.5945030573077,-1.5945030573077474,-0.13786189136234742,34.01894574023965,-0.04687103090974608,-68.27163670817747,65.08263059356197,not distinguishable,0.8557753034099704,-1.1266350795960107
1627741,Hield,786,859,860.8204001735962,-1.8204001735962265,-0.211472703624254,36.93788537288208,-0.049282739258611485,-74.2186555044451,70.57785515725264,not distinguishable,0.7041388612170607,-0.9462149744894268
1630208,Richards,347,410,411.90638833439647,-1.9063883343964676,-0.4628207739397359,16.71655459865925,-0.11404194106777059,-34.670835347768595,30.85805867897566,not distinguishable,0.6937049243493606,-1.1690868677662147
1629614,Nembhard,539,545,546.9094018224271,-1.9094018224270712,-0.34912579964149604,26.654033761470973,-0.07163650498511621,-54.15130799491018,50.332504350056034,not distinguishable,0.6824810756774481,-1.0561463627599987
1641708,Thompson,697,801,803.4461458126984,-2.4461458126984326,-0.30445672375764743,26.232065378399756,-0.09325021790745688,-53.86099395436195,48.96870232896509,not distinguishable,0.7877227515168448,-1.7133605108342116
1631096,Holmgren,341,378,380.47065611024914,-2.470656110249138,-0.6493683732427488,20.72512182395064,-0.11921069179887596,-43.091894885192396,38.15058266469412,not distinguishable,0.5872767814703342,-1.2478523130109103
1628449,Boucher,370,434,436.67189572882455,-2.671895728824552,-0.6118771908517356,23.28207385543755,-0.11476192994725547,-48.30476048548215,42.960969027833045,not distinguishable,0.5703516073645891,-1.2945029214983823
1631232,Brooks Jr.,109,120,122.76686283474916,-2.766862834749162,-2.2537537987539107,12.134910674748125,-0.22800850446363846,-26.551287757255487,21.017562087757163,not distinguishable,0.2977929293162339,-0.7134928164242863
1628380,Collins,302,338,341.0119250808273,-3.011925080827325,-0.8832315996320166,19.660819205136036,-0.15319428195751444,-41.547130722893954,35.523280561239304,not distinguishable,0.5536046243307975,-1.472862844521438
203486,Plumlee,202,250,253.07978934176214,-3.0797893417621367,-1.2169242553000352,12.677540963924553,-0.24293270678643775,-27.92776963105426,21.768190947529988,not distinguishable,0.5716334306062957,-1.63563488198114
1641744,Edey,433,520,523.0901585160344,-3.090158516034421,-0.5907506508631242,20.277276958290177,-0.15239514272013918,-42.83362135428317,36.653304322214325,not distinguishable,0.70560244685378,-1.9964593581139882
203954,Embiid,315,303,306.6210452845248,-3.6210452845248255,-1.1809513209260394,19.519341324255354,-0.1855106288871131,-41.878954280065315,34.636863711015664,not distinguishable,0.5778566404060075,-1.900542228084958
1630544,Mann,161,164,167.70378446269257,-3.7037844626925676,-2.2085276575952957,14.90546752898601,-0.24848495731448744,-32.91850081950515,25.510931894120013,not distinguishable,0.3801291180677843,-1.2638912873205521
203484,Caldwell-Pope,544,591,594.7605715053688,-3.76057150536883,-0.6322832557394709,29.7128962342389,-0.1265636131773459,-61.99784812447707,54.47670511373941,not distinguishable,0.6379282438835077,-2.114722191722166
201144,Conley,468,501,504.8764201521414,-3.8764201521414066,-0.7677958402123972,28.308319506295728,-0.13693572136202917,-59.36072638448103,51.60788608019822,not distinguishable,0.5895903953206617,-2.0083122058909026
1642348,Edwards,378,413,416.99349516292256,-3.9934951629225566,-0.9576876400343529,23.845040609773626,-0.167476970506215,-50.72977475807886,42.74278443223375,not distinguishable,0.5691252571381742,-2.0377525033078205
1626172,Looney,278,288,292.0921696157067,-4.092169615706723,-1.4009857303229378,15.762015521086724,-0.2596222297987298,-34.9857200370367,26.801380805623253,not distinguishable,0.6205029496374771,-2.386950942339454
1627884,Jones Jr.,589,698,702.1768287821646,-4.176828782164648,-0.594840019060273,27.336981017751377,-0.15279041893661952,-57.75731157695735,49.40365401262805,not distinguishable,0.7093066062626112,-2.7155587426449754
1629216,Vincent,420,445,449.44701068125164,-4.447010681251641,-0.9894404847661711,27.305972767676334,-0.16285853351893126,-57.966717305897255,49.072695943393974,not distinguishable,0.5542717766549619,-2.1946867560757455
1630194,Reed,142,152,156.68161756347274,-4.6816175634727415,-2.987981383059304,12.52081312045361,-0.3739068316437849,-29.22241127956182,19.859176152616335,not distinguishable,0.40336028528830886,-1.7661109989630182
1630215,Butler,453,466,471.0359056996282,-5.035905699628188,-1.06911291447058,24.847121375341477,-0.20267561877915843,-53.73626359529748,43.664452196041104,not distinguishable,0.6359775390621852,-2.9647446686960848
1631230,Barlow,113,127,132.16809794623785,-5.16809794623785,-3.9102461384744167,11.255538605658018,-0.4591604300161978,-27.228953613327565,16.892757720851865,not distinguishable,0.3463102541134373,-1.6831643838638373
1630596,Mobley,906,1095,1100.237554981424,-5.237554981423955,-0.4760385571016419,31.653505815312194,-0.16546524141696553,-67.27842637943586,56.80331641658795,not distinguishable,0.8115369613255379,-4.004055521068083
1631124,Strawther,486,514,519.2514205247476,-5.251420524747573,-1.0113444695905824,27.60189842142232,-0.19025577315623526,-59.35114143073532,48.84830038124017,not distinguishable,0.619704784387104,-2.9876027945225316
1629022,Walker IV,212,223,229.06062915180786,-6.060629151807859,-2.6458624401102258,18.327122560516443,-0.3306918001882493,-41.98178937042009,29.86053106680437,not distinguishable,0.4129109997670107,-2.3228821021808685
1630175,Anthony,543,537,543.1886908746958,-6.188690874695794,-1.1393261639394878,27.463015101269168,-0.22534637409167035,-60.01620047318336,47.63881872379177,not distinguishable,0.6726478613831032,-3.906286931995191
1630570,Watford,350,357,363.2445215655483,-6.244521565548325,-1.7190958692604774,20.59744749048037,-0.30316968005061734,-46.615518646889846,34.126475515793196,not distinguishable,0.6028080665430343,-3.5636256097523726
203500,Adams,167,182,188.34362603322043,-6.343626033220431,-3.3681129363525844,12.054595746267907,-0.5262412914331377,-29.97063369590553,17.283381629464667,not distinguishable,0.5021857127609288,-3.065702271576236
1629731,Wade,271,304,310.3905315467181,-6.39053154671808,-2.058868070128684,22.473103977352093,-0.28436354644904943,-50.43781534232818,37.65675224889202,not distinguishable,0.43321312145801394,-2.546795675981276
203952,Wiggins,839,882,888.4581267567828,-6.458126756782804,-0.7268915171452677,34.2598996552094,-0.1885039600751081,-73.60753008099323,60.69127656742762,not distinguishable,0.7591669064807867,-4.611195118079344
1631109,Williams,447,540,546.4998975100402,-6.499897510040228,-1.1893684774059472,19.07646119377244,-0.3407286835863528,-43.88976144983421,30.889966429753756,not distinguishable,0.7426626571808389,-4.661226140664833
1631217,Diabaté,208,254,260.5918933175164,-6.591893317516394,-2.529584951241959,13.030248588822875,-0.5058916008072791,-32.13118055160923,18.94739391657644,not distinguishable,0.5725288819327169,-3.6457332596441856
203914,Harris,133,138,144.65396333459503,-6.6539633345950335,-4.599917749369879,15.477157098019712,-0.4299215477657975,-36.989191246713666,23.6812645775236,not distinguishable,0.27961242653097657,-1.7222605904355868
1630545,Shannon Jr.,114,121,127.80901539191017,-6.809015391910165,-5.327492251646867,11.692898201137155,-0.5823205910787778,-29.72709586613899,16.109065082318658,not distinguishable,0.3331617956041326,-2.158796324454696
1631166,Timme,102,99,105.8334923755419,-6.833492375541894,-6.45683348641069,11.553125659918507,-0.591484294094495,-29.477618668982167,15.810633917898379,not distinguishable,0.2906314624384354,-1.881608055881818
1626192,Connaughton,177,192,199.1406356274156,-7.140635627415605,-3.5857250354344847,15.714896186789241,-0.45438643326313505,-37.94183215352252,23.66056089869131,not distinguishable,0.4000464842458409,-2.7033357333723527
1641721,Lewis,108,109,116.1801628057063,-7.180162805706303,-6.180196887582294,12.551064695924433,-0.5720759935241061,-31.78024960971819,17.419923998305585,not distinguishable,0.28015330257664306,-1.8993510276831995
1641871,Reath,166,174,181.22137143226473,-7.221371432264732,-3.9848343355926263,16.431886164005103,-0.4394730684103399,-39.42786831371473,24.98512544918527,not distinguishable,0.34913930442162483,-2.3653427383117958
203994,Nurkić,352,368,375.2732261963889,-7.273226196388919,-1.9381148690268344,20.841362223426408,-0.3489803650268869,-48.12229615430468,33.57584376152684,not distinguishable,0.599895671736771,-4.159928677718155
1630192,Nnaji,141,157,164.73374047440274,-7.733740474402737,-4.6946912345527965,13.363162820057669,-0.5787357812324674,-33.92553960171577,18.458058652910292,not distinguishable,0.36915659308886756,-2.726594828102
1628964,Bamba,112,119,127.04565041597681,-8.045650415976809,-6.332881440359028,12.589192576247626,-0.6390918533692747,-32.72046786542215,16.629167033468537,not distinguishable,0.2937931055303199,-2.2496105815375396
202704,Jackson,133,129,137.80780606201003,-8.80780606201003,-6.391369483124011,14.293081991153901,-0.6162286109784614,-36.822246764671675,19.206634640651615,not distinguishable,0.31276895418982864,-2.622902067443647
1630170,Vassell,889,946,955.1347685178558,-9.134768517855832,-0.9563852996400541,36.27341369838041,-0.25183095789695953,-80.23065936668144,61.96112233096977,not distinguishable,0.759450922936076,-6.628793879552753
1628464,Theis,129,131,140.1413952038701,-9.141395203870104,-6.522980016412494,12.47600888976354,-0.7327179136086174,-33.59437262780664,15.311582220066434,not distinguishable,0.3597745077620059,-3.169652681171764
200768,Lowry,117,111,120.33149163533798,-9.331491635337983,-7.754820877328496,14.335482773146401,-0.6509366850775319,-37.42903787070493,18.766054600028962,not distinguishable,0.2593248815447853,-2.2948262158130643
1631209,Wong,105,95,104.34821901827605,-9.348219018276055,-8.958676157796965,11.610710534138052,-0.8051375487133391,-32.10521166518664,13.408773628634528,not distinguishable,0.3006324400072489,-2.7044023485667315
1627732,Simmons,223,232,241.41888859144635,-9.418888591446347,-3.901471275259638,14.10738554479172,-0.6676565662390711,-37.069364259238114,18.231587076345424,not distinguishable,0.5677295834490184,-5.208267564068371
1629646,Bassey,117,136,145.53003682563255,-9.53003682563255,-6.5485016244797665,9.671211056053297,-0.9854026316246728,-28.48561049549701,9.42553684423191,not distinguishable,0.4347954587559943,-4.048182898041481
1631111,Moore Jr.,126,132,142.1725735328124,-10.172573532812407,-7.155088551917259,12.72020815872885,-0.7997175365272456,-35.10418152392096,14.759034458296139,not distinguishable,0.3402516922789421,-3.3412689378975147
201599,Jordan,140,182,192.22106148902805,-10.221061489028045,-5.317347334288581,10.044613190265675,-1.0175664602927037,-29.90850334194877,9.466380363892679,not distinguishable,0.5052145862687544,-5.063862549609229
1630695,Potter,135,145,155.26805474777902,-10.268054747779018,-6.613114825492391,15.366426455870258,-0.6682135743965659,-40.38625060128472,19.850141105726685,not distinguishable,0.28860409540265375,-2.8248049583635058
1627739,Dunn,437,459,469.44909816471534,-10.449098164715338,-2.225821330910102,25.80276588602784,-0.4049603911018512,-61.0225193013299,40.124322971899225,not distinguishable,0.6012198096657589,-6.030711817844942
1630193,Quickley,438,453,463.54660631167224,-10.546606311672235,-2.2751986894239224,25.90381150641044,-0.40714496046507503,-61.3180768642367,40.22486424089223,not distinguishable,0.6004414485544275,-6.08005907920646
1630811,Wallace,162,157,168.45959538444987,-11.45959538444987,-6.802578005899496,15.628654493489146,-0.7332426082631684,-42.0917581916886,19.172567422788855,not distinguishable,0.36092025593627536,-3.9865896602153734
1631288,Cain,158,162,173.7566614340169,-11.756661434016905,-6.766164437661821,15.379785753756927,-0.7644229654593871,-41.901041511380484,18.38771864334667,not distinguishable,0.35680219199848057,-4.048142287841958
203935,Smart,257,251,262.7590334884033,-11.759033488403304,-4.475215688035434,20.018710411218013,-0.5874021476335368,-50.99570589439061,27.477638917584002,not distinguishable,0.4641776540456389,-5.259549944016009
1630231,Martin,201,237,249.05918891053187,-12.059188910531873,-4.841896805045738,15.35284553762841,-0.7854693047602096,-42.15076616428355,18.03238834321981,not distinguishable,0.47393748869356833,-5.5627053088067715
1630534,Agbaji,534,633,645.2644519086205,-12.264451908620458,-1.9006861252535412,27.638218832850452,-0.443749721456112,-66.43536082100735,41.90645700376643,not distinguishable,0.6624071477368351,-7.863897701818831
1630311,Spencer,101,87,99.35124261597754,-12.35124261597754,-12.431895455720479,10.985479726102719,-1.1243243739851996,-33.88278287913887,9.180297647183789,not distinguishable,0.30762195962296546,-3.698593854332905
1630700,Daniels,923,990,1002.565783244094,-12.56578324409395,-1.2533624679902493,33.02300039311785,-0.3805160977048203,-77.29086401460494,52.159297526417035,not distinguishable,0.8041595037899194,-9.844029461584318
1630530,Murphy III,839,920,932.6660313374073,-12.666031337407276,-1.3580457432597468,35.20638654108732,-0.35976516143244325,-81.67054895793842,56.33848628312387,not distinguishable,0.7490615835272548,-9.183800960131538
1642265,Dillingham,211,211,223.73860841723567,-12.738608417235668,-5.693522681378379,16.83013595858474,-0.7568927814120205,-45.72567489606176,20.248458061590426,not distinguishable,0.4523999204541221,-5.596198894241652
1631172,Dieng,125,131,144.49767488655894,-13.49767488655894,-9.341101783925302,13.70517776624223,-0.9848595265802098,-40.359823308393715,13.364473535275831,not distinguishable,0.3042220540092769,-3.9807765587329262
1630529,Jones,172,172,185.5699684559564,-13.569968455956399,-7.312588652606861,15.522602085876418,-0.8742070679182928,-43.99426854427418,16.85433163236138,not distinguishable,0.3922276128554998,-5.17165418630276
1631095,Smith Jr.,566,594,607.577911718458,-13.57791171845804,-2.234760588984319,28.91788078857043,-0.46953342873674914,-70.25695806405608,43.10113462714,not distinguishable,0.6681689617394516,-8.801292358639497
1628989,Huerter,604,646,659.5861352974528,-13.586135297452756,-2.0597969803179432,31.711728009981886,-0.4284262053829503,-75.74112219701726,48.56885160211174,not distinguishable,0.6559781864594332,-8.612337858861139
1631248,Scheierman,110,104,117.95280815359268,-13.952808153592684,-11.829144529924191,14.039084779952939,-0.9938545405407443,-41.469414322300445,13.563798015115076,not distinguishable,0.2439613934893813,-3.2839282032460226
1628963,Bagley III,106,113,127.03401971707761,-14.034019717077612,-11.047449925880738,10.4686908643693,-1.340570650036394,-34.55265381124144,6.484614377086217,not distinguishable,0.350178988987423,-4.815013318802655
1631245,Jackson,122,131,145.07060201593262,-14.070602015932621,-9.699140846184187,12.35099102481924,-1.1392285839782277,-38.27854442457833,10.137340392713089,not distinguishable,0.338993378092836,-4.653461401630978
1642281,Tyson,149,148,162.26586875239374,-14.265868752393743,-8.79166325123027,14.09317286984285,-1.0122538681775795,-41.88848757728573,13.35675007249824,not distinguishable,0.37008757725672864,-5.144171332169133
1631246,Williams Jr.,167,160,174.5746886507073,-14.574688650707287,-8.34868374296152,16.170558886675934,-0.9013101373210052,-46.26898406859212,17.119606767177544,not distinguishable,0.35922035871767727,-5.0810933281921535
1628370,Monk,939,963,977.9640251057118,-14.964025105711812,-1.5301202009035346,36.86065333534338,-0.4059620150943918,-87.21090564298483,57.2828554315612,not distinguishable,0.7732911164354924,-11.264330849525507
1630527,Boston,183,191,206.00847511249722,-15.008475112497223,-7.285367800670038,15.456318248178638,-0.9710252384500307,-45.30285887892735,15.285908653932907,not distinguishable,0.42423398636145737,-6.215047675824623
1641757,Miller,134,124,139.0610426860773,-15.061042686077286,-10.830526217235956,12.829050315836973,-1.173979547611954,-40.20598130511775,10.08389593296318,not distinguishable,0.3644509086779628,-5.366107044281941
1628975,Carter,146,145,160.59375427013794,-15.593754270137936,-9.710062723801432,16.08716479678073,-0.9693289319233224,-47.124597271828165,15.937088731552294,not distinguishable,0.3021284095796968,-4.564274905651111
1630532,Wagner,1161,1178,1193.9320689017445,-15.932068901744515,-1.3344200492411478,38.25644792026706,-0.41645447415687037,-90.91470682546795,59.050569021978916,not distinguishable,0.8287929838412501,-12.917530452137788
1629006,Okogie,212,220,235.97068170025938,-15.970681700259377,-6.768078807580875,17.22306008632089,-0.9272847926103335,-49.72787946944832,17.786516068929565,not distinguishable,0.4433249652834614,-6.909888643207303
1641787,Evbuomwan,220,212,228.6322826499663,-16.6322826499663,-7.2746868715080595,17.134405718470788,-0.9706950403326097,-50.21571785816904,16.951152558236444,not distinguishable,0.46424249304010407,-7.55131333898815
1630188,Smith,408,452,468.9357904964917,-16.935790496491677,-3.611537195435796,24.627932726731824,-0.6876659395008462,-65.20653864088605,31.334957647902698,not distinguishable,0.5905934081645376,-9.761105831817623
1641717,Wallace,489,538,555.1306358674439,-17.130635867443857,-3.0858747041902355,26.088046750121745,-0.6566469322723026,-68.26320749768247,34.00193576279476,not distinguishable,0.6487200431563855,-10.865088792890589
1641816,Tyson,120,113,130.75364282209608,-17.753642822096083,-13.577933615395906,13.757916257577765,-1.2904310863440167,-44.719158686948504,9.211873042756338,not distinguishable,0.28565157162383104,-4.94764671279894
1631213,Martin,465,477,494.9108126426073,-17.91081264260731,-3.6189980467331893,27.394719437357622,-0.6538052957090227,-71.60446273982825,35.78283745461363,not distinguishable,0.6022913269052044,-10.520639209552428
203501,Hardaway Jr.,680,720,737.9143292478946,-17.914329247894557,-2.4276977066095737,34.103557674365305,-0.525292094711874,-84.75730228965055,48.92864379386144,not distinguishable,0.6763459294553037,-11.798668771223637
1628369,Tatum,1465,1574,1591.9354594707243,-17.935459470724254,-1.1266448877699673,46.6444359669022,-0.3845144463414851,-109.35855396585256,73.48763502440406,not distinguishable,0.8383173116958645,-14.693774714904613
1641706,Miller,491,500,518.0436785137949,-18.04367851379493,-3.4830419252600624,27.924436076402984,-0.646160891644376,-72.77557322354477,36.688216195954915,not distinguishable,0.6190531314005352,-10.900062193073216
1628366,Ball,243,245,263.0888986155132,-18.088898615513187,-6.875584150720439,21.014095004316502,-0.8607983647070002,-59.27652482397353,23.098727592947156,not distinguishable,0.4127480261730381,-7.260216760739444
201567,Love,115,106,124.13459965547297,-18.134599655472968,-14.608819544111231,13.530617754603295,-1.3402639838305488,-44.654610454495426,8.38541114354949,not distinguishable,0.27519978909707676,-4.870348692772178
1629004,Mykhailiuk,302,306,324.6564841603178,-18.656484160317802,-5.746530585572747,22.76646272956973,-0.819472237823148,-63.27875111027448,25.965782789638872,not distinguishable,0.4804909668590885,-8.737854127617808
1630581,Giddey,798,847,865.9318548604012,-18.931854860401245,-2.186298466113513,32.48373699701344,-0.5828102493916215,-82.59997937454759,44.73626965374509,not distinguishable,0.7603109985968086,-14.118063923658584
202710,Butler III,334,337,356.8126307328902,-19.812630732890227,-5.552670793126142,19.378225577035685,-1.0224171792266334,-57.79395286388017,18.168691398099718,not distinguishable,0.6095995207828077,-11.889592705118085
1630549,Sharpe,317,341,360.9698739621893,-19.969873962189297,-5.532282720158827,18.10418757855022,-1.1030527537092873,-55.454081616147725,15.514333691769131,not distinguishable,0.6170780292303492,-12.147792122403416
1631170,Jaquez Jr.,462,463,482.98614523866587,-19.98614523866587,-4.138036967662869,23.569603580402987,-0.8479627232798861,-66.18256825625572,26.21027777892398,not distinguishable,0.6688218363620758,-13.146362492804764
1641767,Sheppard,287,308,328.05317701334883,-20.05317701334883,-6.1127824445769186,22.35603059332201,-0.8969918398366717,-63.87099697625997,23.764642949562308,not distinguishable,0.46416640101576095,-9.086077579385961
1630171,Okoro,267,304,324.0689672747027,-20.068967274702686,-6.19280748893518,20.236463653991663,-0.9917230410336078,-59.732436036526344,19.594501487120972,not distinguishable,0.4778076740939636,-9.387895157393395
1641748,Jackson Jr.,197,218,238.10881098798617,-20.108810987986175,-8.445219185526389,15.945097977448265,-1.261128091933132,-51.361203023784775,11.143581047812425,not distinguishable,0.4451594612525236,-8.793886213233211
1630322,Waters III,249,248,268.1612710222723,-20.161271022272274,-7.518338105056851,21.025261336682075,-0.9589070356570348,-61.37078324216914,21.04824119762459,not distinguishable,0.4243609945269491,-8.348804683188172
1629651,Claxton,568,645,665.1775719560567,-20.17757195605668,-3.033411348599959,22.233075692223544,-0.9075474862487958,-63.75440031281482,23.39925640070146,not distinguishable,0.7742956675824915,-15.438394885506531
1631108,Christie,590,619,639.2973612666236,-20.297361266623625,-3.174948388087975,29.944628777940174,-0.6778297843376984,-78.98883367138637,38.39411113813912,not distinguishable,0.6711061731925764,-13.34164538763919
1630526,Robinson-Earl,347,372,392.49435018012775,-20.494350180127753,-5.221565653294694,22.5386790391487,-0.9092968644936983,-64.6701610968592,23.681460736603697,not distinguishable,0.55473748994573,-11.146009219541414
1626168,Lyles,374,395,415.6513496893573,-20.65134968935729,-4.968430802592451,24.64294654910944,-0.8380227440822656,-68.95152492561178,27.648825546897207,not distinguishable,0.5476493111556645,-11.065546867466917
1630245,Dosunmu,449,504,524.6656649368869,-20.665664936886856,-3.9388254879176765,24.94606288356895,-0.8284138877280938,-69.559948188682,28.22861831490828,not distinguishable,0.6300102979673566,-12.779838218803736
1627936,Caruso,314,340,360.98116226990123,-20.981162269901233,-5.812259603234883,21.842274128864567,-0.9605759064334161,-63.79201956247579,21.82969502267332,not distinguishable,0.5206728738017107,-10.70711569872389
1630527,Boston Jr.,198,190,211.10107980848792,-21.101079808487924,-9.995723294087808,16.496892117892326,-1.279094247431124,-53.43498835955688,11.232828742581034,not distinguishable,0.4309042681116355,-8.92993005560572
1642276,Ware,464,549,570.4176022213953,-21.417602221395327,-3.7547232304872926,22.311518361496255,-0.9599347688661302,-65.14817820992798,22.31297376713733,not distinguishable,0.6944931743605909,-14.66980486689433
1631099,Murray,820,882,903.6355458230252,-21.635545823025154,-2.3942778615818665,35.398070237640376,-0.6112069295805593,-91.01576348880029,47.74467184274998,not distinguishable,0.7382593978293119,-15.662906079510329
1642269,Carter,127,112,133.78149041723984,-21.781490417239837,-16.28139315035838,13.544809207973842,-1.6081061078672894,-48.32931646486857,4.766335630388891,not distinguishable,0.31604978730821087,-6.758681157463682
1630577,Champagnie,665,730,752.0426610503157,-22.0426610503157,-2.9310386487291216,33.99961225125288,-0.6483209539986279,-88.68190106277135,44.596578962139944,not distinguishable,0.6678602379764325,-14.402664508771906
1628997,Martin,304,295,317.4036232036395,-22.403623203639484,-7.058401847311551,19.911420204188307,-1.1251645022752796,-61.43000680384856,16.622760396569596,not distinguishable,0.5506050755280688,-12.138391455549895
1630182,Green,421,457,479.965675216177,-22.965675216176976,-4.7848578350593955,25.994437849575338,-0.8834842033928485,-73.91477340134463,27.983422968990688,not distinguishable,0.57960393740566,-13.055577715788184
1641712,Rupert,142,132,155.79255961061395,-23.79255961061395,-15.271948589894658,14.058486042164263,-1.692398423219628,-51.347192253255905,3.762073032028006,not distinguishable,0.3490651331813397,-8.17175884858674
1631218,Jackson-Davis,302,348,371.96161762079186,-23.961617620791856,-6.441959730700035,15.557663164625911,-1.5401810263686873,-54.454637423458635,6.5314021818749275,not distinguishable,0.6644959198169302,-15.776174163630845
1630243,Queen,147,134,158.04605840735056,-24.046058407350557,-15.214589120200545,14.611342670257168,-1.6457117562712895,-52.68429004105461,4.592173226353491,not distinguishable,0.3472648220899787,-8.211877154435625
1626166,Payne,446,451,475.08684542593073,-24.086845425930733,-5.0699878680783295,26.757589931999064,-0.9001874042895611,-76.53172169264889,28.35803084078743,not distinguishable,0.5935471691412103,-14.03506798551594
1630183,McDaniels,834,896,920.3789788319854,-24.378978831985364,-2.648797874862778,33.132899930807646,-0.7357936939687338,-89.31946269636835,40.56150503239762,not distinguishable,0.7690687911470846,-18.47116633938377
1629023,Washington,665,693,718.0993393509494,-25.099339350949435,-3.4952461275950135,29.790518793567752,-0.8425277694851283,-83.48875618634223,33.29007748444336,not distinguishable,0.7236902507243828,-17.898974538153027
1641796,Larsson,203,210,235.48947426514974,-25.489474265149738,-10.824039734552986,16.97920603320642,-1.501217089615362,-58.76871809023432,7.789769559934847,not distinguishable,0.429003097001634,-10.767784692923216
1627763,Brogdon,240,224,249.76247163552736,-25.762471635527362,-10.31478887393537,16.886036615518375,-1.525667166435698,-58.85910340194338,7.334160130888655,not distinguishable,0.5149832609355024,-13.099253426810781
1642377,Wells,676,712,738.5175363363469,-26.517536336346893,-3.590644098702874,32.83768981538877,-0.8075335532257797,-90.87940837450888,37.8443357018151,not distinguishable,0.6901625869047536,-17.999143994244527
1629020,Vanderbilt,121,127,154.0755373165535,-27.075537316553493,-17.572898195335103,11.460606905361535,-2.3624872173119327,-49.5383268510621,-4.612747782044885,below,0.3694439504245575,-9.89278519555448
1630540,McBride,547,559,586.7633299895016,-27.763329989501585,-4.73160618097902,29.324316741077634,-0.9467681799593505,-85.23899080201375,29.712330823010575,not distinguishable,0.6465047851825795,-17.670075875234012
1641724,Howard,262,251,279.21347071707885,-28.21347071707885,-10.1046237649712,21.205461117603473,-1.3304813585806798,-69.77617450758166,13.34923307342396,not distinguishable,0.4451759958751676,-12.350178316592437
1641794,Jones,133,118,146.72484337521126,-28.724843375211265,-19.577354941695063,13.825590559625235,-2.077657605389834,-55.823000872076726,-1.6266858783458034,below,0.32723950969553695,-9.270774898303289
1631323,Fontecchio,373,376,404.82776030122506,-28.827760301225055,-7.120993945616486,24.551283877185117,-1.1741854497480664,-76.94827670050788,19.292756098057772,not distinguishable,0.5481690889314759,-15.559269138274392
1630552,Johnson,542,586,615.2085779611963,-29.208577961196283,-4.747752064510158,25.03801885173295,-1.166569053812126,-78.28309491059287,19.8659389882003,not distinguishable,0.7112347338530668,-20.548286960348904
1630639,Lawson,190,193,222.61721700102737,-29.61721700102737,-13.304099925429707,16.765084200318842,-1.7666011483833826,-62.4767820336523,3.242348031597558,not distinguishable,0.403019037389758,-11.77261122737416
1629640,Johnson,770,829,858.747026440631,-29.747026440630975,-3.464003428801103,31.751446344086368,-0.9368715402210737,-91.97986127504026,32.485808393778306,not distinguishable,0.755571523027136,-22.204391291630998
203110,Green,509,512,541.7945346876654,-29.79453468766542,-5.499231310046607,27.403726998225725,-1.0872438880154691,-83.50583960418784,23.916770228857004,not distinguishable,0.6445539888163329,-18.943088925518794
1641842,Holland II,416,430,460.1527243313249,-30.15272433132492,-6.55276449251531,23.140437826704968,-1.3030317125861595,-75.50798247166665,15.20253380901682,not distinguishable,0.6294491691433409,-18.757147245283605
1631207,Terry,268,277,307.5825747784288,-30.582574778428807,-9.942882752854048,19.001238645653498,-1.6095042722609307,-67.82500252390966,6.659852967052046,not distinguishable,0.5111513652583887,-15.443255960934014
1627747,LeVert,599,666,696.6609923466725,-30.660992346672515,-4.40113522696201,29.3452869643365,-1.04483532173105,-88.17775479677205,26.85577010342702,not distinguishable,0.6865214484209672,-20.77844370343111
1629659,Horton-Tucker,291,307,337.836474491131,-30.836474491131014,-9.127633283995966,20.043662836785323,-1.538465037165666,-70.12205365123025,8.449104668968218,not distinguishable,0.5255945341303234,-16.008252989183596
1630591,Suggs,481,470,501.056352501274,-31.056352501273977,-6.198175583692458,26.774060853985,-1.1599418060130244,-83.53351177508458,21.420806772536622,not distinguishable,0.6291366217124735,-19.281252326702326
1631106,Eason,559,607,638.6409187311098,-31.640918731109764,-4.9544145705502,26.49372751220084,-1.1942796164314193,-83.56862465502341,20.286787192803885,not distinguishable,0.7005944473611793,-21.92591560388029
1641739,Camara,716,791,822.8398150343655,-31.83981503436553,-3.8695034504420223,32.43292751619578,-0.9817126443015644,-95.40835296610926,31.728722897378205,not distinguishable,0.7192327922067167,-22.610124006656662
203083,Drummond,234,237,268.9936138787584,-31.993613878758424,-11.893819119876458,14.70938855303062,-2.175047165517066,-60.82401544269844,-3.1632123148184093,below,0.5708494028814332,-18.118612666626184
1626153,Wright,131,110,142.03391154146937,-32.033911541469365,-22.553706501363575,14.357206763874522,-2.231207787720437,-60.17403679866343,-3.8937862842753006,below,0.3043936434591206,-9.619413004803935
1642263,Sheppard,239,216,248.58729307037953,-32.58729307037953,-13.108993894210627,19.664916630675098,-1.6571284629575775,-71.13052966650272,5.955943525743663,not distinguishable,0.4370611248806171,-14.048474382354769
1641736,Beekman,107,77,109.73338851261659,-32.733388512616585,-29.829925928928247,12.102533592728486,-2.7046723945706415,-56.45435435436442,-9.012422670868752,below,0.2912079157425289,-9.422772412301523
1629645,Porter Jr.,652,641,674.2211437009379,-33.22114370093789,-4.927336380846828,28.31562161246853,-1.1732443721563668,-88.7197620613762,22.277474659500427,not distinguishable,0.7359277200486442,-24.199886350344126
1641715,Whitmore,403,423,456.66599643769104,-33.665996437691035,-7.3721268279900345,23.82629942960039,-1.4129763011316137,-80.3655433197078,13.033550444325726,not distinguishable,0.600593918520569,-19.987302678773926
1641733,Smith Jr.,568,548,581.7278933305723,-33.72789333057233,-5.7978814007816775,29.758918346806887,-1.1333709423679812,-92.05537329031382,24.599586629169167,not distinguishable,0.6569276079924239,-21.87556508043167
203901,Payton,122,81,115.12455020978932,-34.12455020978932,-29.64141892203252,11.146147744573982,-3.061555524993052,-55.97099978915432,-12.278100630424316,below,0.386393262752662,-13.077462203971685
1630631,Alvarado,521,519,553.5041168137187,-34.504116813718724,-6.2337597437113645,29.116511148011515,-1.1850360999063292,-91.5724786638213,22.564245036383845,not distinguishable,0.6272732107941025,-21.36326227925851
203471,Schröder,827,799,833.8081231994184,-34.808123199418446,-4.174596316698816,34.603193099895925,-1.0059222887012453,-102.63038167521447,33.01413527637757,not distinguishable,0.7501410502120599,-25.812799583132712
1628374,Markkanen,700,730,765.1929018931269,-35.19290189312687,-4.599219596268838,32.886988568423995,-1.0701162807870122,-99.6513994872379,29.26559570098415,not distinguishable,0.7042572505336064,-24.486095933688595
203497,Gobert,510,682,719.1326678278023,-37.132667827802265,-5.163535115149818,18.594895487610014,-1.9969280199796862,-73.57866298351789,-0.6866726720866367,below,0.7981375576188795,-29.488404943321576
1631104,Wesley,186,179,216.16697302648393,-37.16697302648393,-17.19364087220224,15.015310726115,-2.4752716546745988,-66.59698204966934,-7.736964003298528,below,0.44645604545529816,-16.444834469842828
1631115,Robinson,261,249,286.3471948299603,-37.3471948299603,-13.042626400491871,16.980828979972713,-2.1993740631866556,-70.62961963070683,-4.064770029213783,below,0.5539190327049911,-20.519300450151015
1630228,Kuminga,568,562,599.8502218475516,-37.85022184755155,-6.309945461213977,26.230421938263884,-1.4429894393859204,-89.26184884654876,13.561405151445662,not distinguishable,0.7113706603903562,-26.688945513099572
1641878,Baugh,130,96,133.99242737103427,-37.99242737103427,-28.35416009430937,13.563101557565762,-2.801160723436547,-64.57610642386317,-11.408748318205376,below,0.3256359996699,-12.245185148556498
1629610,Jeffries,291,291,329.15339443188174,-38.153394431881736,-11.591372009920917,21.158939373907245,-1.8031808569257348,-79.62491560473993,3.31812674097646,not distinguishable,0.49854220585697945,-18.81048717632194
1642270,Clingan,334,374,412.3633574678458,-38.36335746784579,-9.30328962869529,18.115914923942576,-2.1176605006652762,-73.87055071877325,-2.856164216918337,below,0.6411473766021021,-24.42359493030491
1642346,Dunn,477,492,530.7661179925082,-38.76611799250816,-7.303804195175727,27.180585455292377,-1.426242935652438,-92.04006548488121,14.507829499864904,not distinguishable,0.6181431632107247,-23.700147581059372
201935,Harden,1295,1297,1336.1997473664787,-39.19974736647873,-2.9336742087953294,44.70575029866484,-0.8768390442973832,-126.82301795186181,48.42352321890435,not distinguishable,0.8151722173060941,-31.60912464743373
1631094,Banchero,911,911,950.3281395993264,-39.32813959932639,-4.138374731901316,33.91624029393027,-1.1595666046264168,-105.80397057542973,27.147691376776947,not distinguishable,0.7913273718474451,-30.84708980952107
1641765,Prosper,174,152,193.2837136035146,-41.2837136035146,-21.35912686787487,14.629215170314346,-2.822004675089314,-69.95697533733072,-12.61045186969848,below,0.42646631119668577,-17.46209429689025
1641763,Phillips,287,306,347.52528202431165,-41.52528202431165,-11.94885211873785,20.63103020086886,-2.0127585302338824,-81.96210121801462,-1.0884628306086839,below,0.504254682704932,-20.733988391520136
1629630,Morant,889,896,937.7523803564028,-41.752380356402796,-4.4523886295585156,33.7168427408703,-1.2383241419515274,-107.83739212850858,24.33263141570299,not distinguishable,0.7851351617905071,-32.50559921871161
1630592,Wilson,620,614,656.3258919482383,-42.325891948238336,-6.448913941608813,31.521461917318387,-1.3427642429548556,-104.10795730618237,19.4561734097057,not distinguishable,0.6703456741362338,-28.07801978154333
1641713,Jackson,199,180,222.74438779607104,-42.74438779607104,-19.18988317461213,16.932582190698305,-2.5243868486610457,-75.93224888983971,-9.556526702302364,below,0.4206215172820982,-17.81281959832579
1629750,Green,287,292,334.90176189673946,-42.90176189673946,-12.810252670443518,20.355689816559064,-2.107605405828079,-82.79891393719522,-3.004609856283693,below,0.5109709203590631,-21.71900499619326
1641709,Thompson,460,503,546.6621213643385,-43.66212136433853,-7.987039829166921,20.453561782748054,-2.1346952588554124,-83.75110245852471,-3.5731402701523507,below,0.7266687172379307,-31.54644727542544
1631243,Gueye,171,165,209.27540509574825,-44.275405095748255,-21.156525811282627,15.450872763932255,-2.8655601383957126,-74.55911571305548,-13.991694478441037,below,0.3916559938338422,-17.190601679803905
1642358,Johnson,213,188,233.48149824844268,-45.481498248442676,-19.479701213860974,16.9347875331214,-2.685684609829857,-78.67368181336062,-12.28931468352473,below,0.4540033376611079,-20.480917805538976
1628971,Brown,309,287,333.23424344735673,-46.23424344735673,-13.874397471597383,19.366743080014025,-2.3873009135474756,-84.19305988418422,-8.275427010529242,below,0.5722935952266129,-26.268833118423863
1631110,Sochan,469,530,576.414426769547,-46.41442676954705,-8.052266670296879,21.90560651015303,-2.1188377846572943,-89.34941552944699,-3.4794380096471045,below,0.7066911457133619,-32.60214231774125
1628998,Martin,325,315,361.6596606708331,-46.65966067083309,-12.901538585831027,21.68404414276906,-2.1517969786273747,-89.16038719066046,-4.158934151005731,below,0.5414407681583856,-25.048367641964784
203915,Dinwiddie,682,677,724.3873476896985,-47.38734768969846,-6.541713882887626,31.912056470087165,-1.4849355676628704,-109.93497837106929,15.160282991672382,not distinguishable,0.7059384147028817,-33.163125770321145
1642347,Shead,504,480,528.4190561640667,-48.41905616406666,-9.163003415424372,26.820239859488048,-1.8053177905095326,-100.98672628866323,4.148613960529914,not distinguishable,0.6498741641622392,-31.21163081924838
1630163,Ball,1003,991,1041.711677902914,-50.71167790291406,-4.868110723785158,39.24175388628981,-1.2922887710335391,-127.62551552004209,26.202159714213963,not distinguishable,0.7744595923283671,-38.947680740328295
203995,Micić,273,235,285.8964669507072,-50.89646695070718,-17.80241200374207,20.05382737760525,-2.5379926730368134,-90.20196861081347,-11.590965290600892,below,0.49343806972539334,-24.914679439498933
1642267,Carrington,748,738,790.8582259947689,-52.85822599476887,-6.683653815231164,34.13507145557685,-1.5485019875689496,-119.76296604769949,14.046514058161748,not distinguishable,0.7162229290369346,-37.551943274268176
1642266,Walter,393,383,436.32075711360795,-53.320757113607954,-12.220541022696393,23.861639278834364,-2.2345806375886452,-100.0895701001233,-6.551944127092604,below,0.5877622353265537,-31.10612378757857
1641783,da Silva,483,478,531.4925214756527,-53.492521475652666,-10.064585918750904,26.69526324028079,-2.0038207150899034,-105.81523742660302,-1.169805524702312,below,0.6324422021895477,-33.574725416009805
1631212,Watson,428,456,509.7971249874473,-53.79712498744732,-10.552653663704353,22.786400385049642,-2.360931260680563,-98.45846974214462,-9.135780232750022,below,0.6496647391280242,-34.73370451949921
1631097,Mathurin,853,880,933.8871681204556,-53.88716812045561,-5.770201150628196,33.28347947358593,-1.6190365001718332,-119.12278788868403,11.348451647772805,not distinguishable,0.7753975659872367,-41.50749222290756
1630703,Henderson,685,679,733.2688980406675,-54.26889804066752,-7.400954572828171,31.21245545900351,-1.7386936478595174,-115.4453107403144,6.907514658979359,not distinguishable,0.7168420095851743,-38.62230828989934
1641824,Buzelis,555,600,655.4588400177724,-55.458840017772445,-8.461071333826043,28.03320327360867,-1.9783268960198752,-110.40391843404544,-0.5137616014994535,below,0.6732242187207351,-37.07450411321527
1626156,Russell,638,611,667.2339158653061,-56.23391586530613,-8.42791628665621,31.815422073209128,-1.767504945743251,-118.59214312879601,6.124311398183757,not distinguishable,0.6788346582550113,-37.877824998155994
1641718,George,919,892,948.3004107106464,-56.30041071064636,-5.936980525871061,38.0204711334413,-1.480792032088386,-130.8205341321913,18.219712710898577,not distinguishable,0.754353952638096,-42.14464854269372
1630173,Achiuwa,327,338,394.7083844057807,-56.70838440578069,-14.367159818799676,17.659691373081397,-3.211176413435009,-91.32137949702023,-22.09538931454115,below,0.643135239406291,-36.302752546583825
1627832,VanVleet,759,733,789.8695020838298,-56.86950208382984,-7.199860474900854,35.10984388957253,-1.619759468674819,-125.684796107392,11.945791939732317,not distinguishable,0.710679750534288,-40.099096810178004
1641730,Clowney,372,353,410.5290511080306,-57.529051108030615,-14.013393437750125,25.16198617534346,-2.286347775057759,-106.8465440117038,-8.21155820435743,below,0.5346359892801772,-30.507269989508437
1630172,Williams,516,506,564.5293573289136,-58.52935732891365,-10.367814635158554,27.980206017063413,-2.091812951384996,-113.37056112235794,-3.688153535469361,below,0.6412666721124977,-37.26579026680249
203991,Capela,390,436,497.55179561454736,-61.55179561454736,-12.370932264151941,17.486327846431376,-3.519995516217483,-95.82499819355286,-27.27859303554186,below,0.7233424085825132,-44.367313530131966
1641710,Black,621,586,647.7113526873541,-61.711352687354065,-9.527600902981504,28.106440650570953,-2.195630298925825,-116.79997636247313,-6.622729012234998,below,0.7195664118362165,-44.15409346764162
1631200,Murray,279,261,325.0210599639355,-64.0210599639355,-19.697511284665463,19.504420643203904,-3.282387164175672,-102.24972442461515,-25.792395503255847,below,0.5181891000661567,-32.981019929086585
1628976,Carter Jr.,491,489,553.5205052072512,-64.52050520725118,-11.656389347869448,24.578490118429457,-2.625080096310407,-112.69434583937291,-16.346664575129445,below,0.6771690514571241,-43.4625359261188
1642268,Collier,555,510,574.5629619392944,-64.56296193929438,-11.236881980936984,26.47924358929095,-2.4382479703991886,-116.46227937430464,-12.663644504284122,below,0.6978037227332322,-44.81023194656785
1629628,Barrett,982,1027,1092.925846082913,-65.92584608291304,-6.032051151429324,35.142702415971264,-1.8759469690911361,-134.80554281821674,2.953850652390642,not distinguishable,0.8040805561485801,-52.73203956136271
1626162,Oubre Jr.,741,767,833.4122085576458,-66.41220855764584,-7.9687107862966,30.53518406400107,-2.1749405020270167,-126.26116932308793,-6.563247792203747,below,0.7558184686990403,-49.93445271789004
1630533,Williams,520,531,597.4752754718318,-66.47527547183176,-11.126029511319214,28.40979606606831,-2.339871617425215,-122.15847576132566,-10.792075182337875,below,0.6378019900778553,-42.126256211896354
1629027,Young,1376,1350,1416.9436442129258,-66.94364421292585,-4.724510003367935,44.94169240096951,-1.489566605895814,-155.0293613188261,21.142072892974383,not distinguishable,0.831288594155372,-55.314465557097215
1630178,Maxey,1091,1115,1182.2047805074842,-67.2047805074842,-5.684698760787894,39.48801992512855,-1.7019030236235737,-144.60129956073615,10.191738545767748,not distinguishable,0.8004888600120875,-53.48255293804067
1642258,Risacher,779,836,903.605803627333,-67.60580362733299,-7.481780590158219,32.95472507274443,-2.051475273366705,-132.19706476991206,-3.0145424847539033,below,0.7460016466964517,-50.14849275969097
1630625,Banton,507,468,535.8244803528155,-67.8244803528155,-12.657965964555451,26.693793897022722,-2.5408332968503315,-120.14431639098004,-15.504644314650967,below,0.6547098410765398,-44.152714216719964
1642262,Williams,257,201,269.5410636775729,-68.54106367757288,-25.428802106220903,19.856260743715975,-3.451861584727853,-107.45933473525619,-29.622792619889566,below,0.46823301832416997,-31.89596258058029
1628398,Kuzma,848,836,904.6647234655553,-68.66472346555531,-7.590074166097368,33.62744279831474,-2.0419252179650274,-134.57451135025218,-2.7549355808584295,below,0.7697187038903065,-52.57070611416318
1642354,Simpson,301,241,311.2894396146047,-70.2894396146047,-22.58009128148623,20.765189356205532,-3.38496502048989,-110.98921075276755,-29.589668476441858,below,0.5248075572649412,-36.6820114244744
1628384,Anunoby,1027,1149,1220.414168794266,-71.41416879426606,-5.851633864987097,37.46179329629554,-1.906320080019446,-144.83928365500532,2.0109460664731955,not distinguishable,0.79799316831252,-56.68862186633405
1631101,Sharpe,1104,1145,1217.7399030739339,-72.73990307393387,-5.973353003405485,39.3236036201342,-1.8497771408897554,-149.8141661693969,4.33436002152915,not distinguishable,0.805555889086833,-58.286262051798964
1628371,Isaac,324,307,380.3062217002637,-73.30622170026368,-19.27557781530053,21.34799411370948,-3.433869304525764,-115.14829016313425,-31.4641532373931,below,0.5476595429234284,-39.93534653941373
1642273,George,546,520,593.5270958886797,-73.5270958886797,-12.388161618567493,30.014335607112276,-2.449732582828071,-132.35519367861974,-14.698998098739636,below,0.6349553357499359,-46.398781696588564
1641722,Hawkins,556,524,600.9437971084731,-76.94379710847306,-12.80382582842175,30.093976894985442,-2.556783949724312,-135.92799182264451,-17.959602394301598,below,0.6421099483415513,-49.119210083288
1627749,Murray,494,440,517.8146733249167,-77.81467332491673,-15.027514153908461,25.785287109864054,-3.0177935577513524,-128.35383606025027,-27.275510589583178,below,0.6586109243310979,-51.00621249256196
201566,Westbrook,831,840,917.9058560949163,-77.90585609491632,-8.487347104021573,32.98642056357145,-2.361755375815212,-142.55924039951634,-13.252471790316278,below,0.7693624702131899,-59.661248449049296
1642274,Missi,492,538,619.0555086036373,-81.05550860363735,-13.093415287825952,19.69859457130064,-4.114786377792104,-119.6647539633866,-42.4462632438881,below,0.7662954492736356,-61.9465304151487
1641711,Dick,647,644,726.7937284101637,-82.79372841016368,-11.391640457777768,31.010342293732766,-2.6698747026373977,-143.5739993058799,-22.01345751444746,below,0.6958680238906265,-57.32953505559317
1642275,Salaün,340,283,365.9047117621485,-82.90471176214851,-22.657459468857457,23.22381611550974,-3.569814338427422,-128.4233913485476,-37.38603217574941,below,0.5297602446941078,-43.688887696900885
203924,Grant,574,536,620.1368908198091,-84.13689081980908,-13.567470677092233,29.55997811756411,-2.8463109981064623,-142.07444793023473,-26.199333709383424,below,0.6646449834037733,-55.64336538808014
1628970,Bridges,1089,1079,1164.0475111138487,-85.04751111384871,-7.306188991587535,38.79549255247515,-2.192200833610055,-161.0866765167,-9.008345710997418,below,0.8055060011674211,-68.20061611674998
1630224,Green,1437,1450,1543.2249162410974,-93.22491624109739,-6.040915699324602,45.688232741071346,-2.0404579176750044,-182.77385241359724,-3.6759800685975534,below,0.8387005909306827,-77.85328903152728
1641741,Council IV,463,409,505.16610690254845,-96.16610690254845,-19.036531863191655,25.42532673020554,-3.7822958156247473,-145.9997472937513,-46.332466511345594,below,0.6354361159133018,-60.86382405788087
1630567,Barnes,1063,1024,1120.2604420400942,-96.26044204009418,-8.592684203397857,35.87106361696349,-2.6835123448799116,-166.5677267293426,-25.953157350845743,below,0.821931112991418,-78.84628277861324
1626179,Rozier,635,587,687.863681376057,-100.863681376057,-14.663324159560409,30.784574522635488,-3.2764357779865785,-161.20144744042256,-40.52591531169145,below,0.691015204920818,-69.41518410250673
1642367,Mogbo,356,329,433.0510697450848,-104.05106974508482,-24.02743625742211,18.948149800334434,-5.491357775905293,-141.1894433537403,-66.91269613642933,below,0.6497854160761293,-67.43094116088074
1641731,Coulibaly,624,589,696.3061812831967,-107.30618128319668,-15.410775341021118,28.352226415814613,-3.7847532574493785,-162.87654505819333,-51.735817508200036,below,0.7179948072499349,-76.79132840226627
1630553,Johnson,779,732,847.2940487036134,-115.29404870361338,-13.607324267179372,34.071823544233986,-3.383853187485902,-182.074822850312,-48.51327455691478,below,0.7331625606571748,-84.2292980451133
1642259,Sarr,828,757,884.5358335264725,-127.53583352647252,-14.418390831947637,33.68864200704219,-3.7857220098041573,-193.5655718602752,-61.50609519266982,below,0.7604871322278075,-96.70316000989114
1642264,Castle,988,941,1088.0821777620229,-147.08217776202287,-13.51756151952997,35.457376843797896,-4.148140411231522,-216.57863637586672,-77.585719148179,below,0.8031896021734091,-117.85425762828208
