personId,playerName,total_shots,actual_points,exp_points,points_diff,pct_diff
203552,Curry,343,411,326.75743871107034,84.24256128892966,25.78129630599058
203999,Jokić,1364,1710,1428.3118544857439,281.6881455142561,19.72173985759418
1629660,Jerome,618,749,632.5174683815255,116.48253161847447,18.415672812926307
1630249,Krejčí,278,366,313.04590887018094,52.95409112981906,16.915704844662393
1630202,Pritchard,866,1073,923.435198829227,149.56480117077297,16.19654951369654
1627751,Poeltl,411,527,456.15460084544867,70.84539915455133,15.53097211198217
1628379,Kennard,431,525,459.57931533451244,65.42068466548756,14.23487527264307
1631165,Ellis,464,593,520.8155721859276,72.18442781407236,13.859856169919082
1641729,Sensabaugh,599,707,624.2640644200156,82.73593557998436,13.253334247824942
1631260,Green,424,519,459.0673590027983,59.9326409972017,13.055275934806124
202696,Vučević,1038,1229,1093.4570181625818,135.5429818374182,12.395810317910612
1630573,Hauser,474,594,529.5788969635755,64.42110303642448,12.164567311899939
201142,Durant,1124,1344,1200.1404485888338,143.8595514111662,11.986883011191809
203114,Middleton,337,368,329.6109327927289,38.389067207271125,11.64674679160098
1631216,Houstan,190,224,201.03936766676384,22.960632333236163,11.420906457599974
1628988,Holiday,268,306,274.91489753540577,31.08510246459423,11.307131651268314
201939,Curry,1258,1439,1294.949423186921,144.05057681307903,11.124022528875294
1630169,Haliburton,1006,1170,1053.0896957826938,116.91030421730625,11.101636799707402
203897,LaVine,1223,1489,1341.3052522528913,147.69474774710875,11.011262155755778
201145,Green,121,151,136.08001113431,14.919988865689987,10.96404909202517
1630314,Williams,188,220,198.31464632134376,21.68535367865624,10.934766913709899
1628973,Brunson,1200,1322,1193.6674028634204,128.33259713657958,10.751109506520413
1627751,Pöltl,168,200,180.9442191011029,19.055780898897098,10.531243098636226
203926,McDermott,117,144,130.3519762661049,13.648023733895087,10.4700514900663
1631204,Sasser,296,332,300.7297781449525,31.27022185504751,10.398078323720906
1641774,Vukcevic,242,278,252.03521385903807,25.964786140961934,10.302006105949458
1630288,Dowtin Jr.,230,252,228.6987883422692,23.30121165773079,10.188558470748776
203084,Barnes,683,850,771.4894289306146,78.51057106938538,10.176480242044114
1629012,Sexton,867,942,857.2343106629098,84.76568933709018,9.888263850393646
1630174,Nesmith,379,468,426.26374223390343,41.73625776609657,9.791158787229632
1629626,Bol,183,224,204.065491676814,19.93450832318601,9.768633820959135
1628983,Gilgeous-Alexander,1656,1883,1716.8325095448954,166.1674904551046,9.678718963212274
1627736,Beasley,1071,1241,1132.4049688227656,108.59503117723443,9.589761460735534
1629013,Shamet,230,274,250.2745076887925,23.72549231120749,9.47974994848844
1629639,Herro,1378,1553,1418.689746298428,134.31025370157204,9.467197417901483
1627742,Ingram,333,353,323.75672261631445,29.24327738368555,9.032457093955342
1629661,Johnson,747,869,797.3685147943504,71.6314852056496,8.983474270912412
1629634,Clarke,380,473,434.8446272143767,38.155372785623285,8.774463947136091
1641854,Porter Jr.,140,165,151.96836257314447,13.031637426855525,8.575174104966887
1630198,Joe,588,710,654.1272463625244,55.872753637475626,8.54155954098799
101108,Paul,583,638,587.8757811230648,50.124218876935174,8.526313759352623
201587,Batum,238,296,272.75832621441765,23.24167378558235,8.520945592640135
1642419,Battle,347,403,372.70797306272175,30.29202693727825,8.12752821279152
2544,James,1270,1451,1342.2385497022512,108.76145029774875,8.102983578592605
1629627,Williamson,508,579,535.673768042682,43.32623195731799,8.088159932495794
202692,Burks,271,318,294.3831953584444,23.616804641555575,8.022443124978086
1627750,Murray,1121,1218,1129.2365798949509,88.76342010504914,7.8604734455708165
1628991,Jackson Jr.,1213,1330,1233.7431931811523,96.25680681884774,7.802006878804756
1630559,Reaves,1037,1154,1070.8097045736108,83.19029542638918,7.768907713666811
202685,Valančiūnas,627,698,647.7950121538292,50.20498784617075,7.750123017776281
1626181,Powell,945,1093,1015.1461280598442,77.85387194015584,7.669220528550445
202681,Irving,945,1038,964.1086826928367,73.89131730716326,7.664202386265721
201569,Gordon,204,230,213.88322101872046,16.116778981279538,7.5352818943426865
1630539,Jones,109,175,162.8085510921863,12.191448907813708,7.48816566720379
1630551,Champagnie,411,494,460.96660916228535,33.03339083771465,7.16609804705066
1629018,Trent Jr.,657,746,696.62660012285,49.37339987714995,7.087488332136563
1629029,Dončić,1025,1099,1026.3040210128863,72.69597898711368,7.083272272737025
1628960,Allen,489,587,548.5081398199487,38.491860180051276,7.017542167608447
1630560,Thomas,454,466,435.95963780127335,30.040362198726655,6.890613416438788
201572,Lopez,774,927,868.5004859578712,58.499514042128794,6.735683817237183
1628969,Bridges,1183,1348,1263.8208662056506,84.17913379434935,6.660680278232473
1628401,White,959,1113,1044.3830541121267,68.61694588787327,6.570087470955052
1641810,Reeves,248,277,260.11359805249526,16.886401947504737,6.491908594878937
1630572,Mamukelashvili,281,342,321.9741320499372,20.025867950062775,6.219693993931442
1626204,Nance Jr.,155,194,182.6907937914937,11.30920620850631,6.190319758649651
1627752,Prince,514,617,581.1673586378349,35.83264136216508,6.165621515622602
1641764,Podziemski,629,675,635.8685691340377,39.13143086596233,6.15400276494654
1629618,Pickett,180,194,182.82484309154083,11.175156908459172,6.112460207752892
1629008,Porter Jr.,1048,1249,1177.0546126844235,71.94538731557645,6.112318444452759
1629631,Hunter,762,873,823.2039472386784,49.79605276132156,6.0490468295113144
1629014,Simons,1125,1173,1106.9880710727618,66.01192892723816,5.963196083161622
1629021,Wagner,249,307,289.84126009268704,17.158739907312963,5.920026949081154
1631157,Rollins,271,313,295.65986800281706,17.340131997182937,5.864872180858821
203482,Olynyk,268,301,284.42529022769503,16.57470977230497,5.827418330083422
1629130,Robinson,663,770,727.6208461442588,42.37915385574115,5.824337749108626
202695,Leonard,623,698,659.8850051241819,38.11499487581807,5.775996850947813
1627827,Finney-Smith,435,519,490.6915363682461,28.30846363175391,5.769083801696443
1629673,Poole,1057,1149,1086.734984276522,62.26501572347797,5.729543939315671
1630200,Jones,238,275,260.1674785211733,14.83252147882672,5.701121658986681
203078,Beal,694,792,749.4006125723357,42.59938742766428,5.684453664496538
1629636,Garland,1174,1320,1249.4627878989993,70.5372121010007,5.645398672946782
1626157,Towns,1215,1420,1344.700431612753,75.29956838724706,5.599723969724443
1630217,Bane,1018,1150,1089.0923566288593,60.90764337114069,5.592508943372131
1642366,Post,274,319,302.15148497821036,16.848515021789638,5.576162983734741
1627777,Niang,620,738,699.1702006083497,38.82979939165034,5.55368976265963
1627783,Siakam,1182,1352,1281.6965764631518,70.30342353684819,5.485180344247095
1627734,Sabonis,893,1119,1061.193203524005,57.80679647599504,5.447334360103995
203957,Exum,134,151,143.23992330628116,7.760076693718844,5.4174997721329
1630557,Kispert,565,630,597.6805187565515,32.319481243448536,5.407475424484884
1630544,Mann,161,164,155.5870978300858,8.41290216991419,5.407163071754837
202709,Joseph,154,163,154.6388966738967,8.36110332610329,5.406821593870509
1642349,Mitchell,184,205,194.65478763401,10.345212365989994,5.314618430683893
1631128,Braun,821,1041,990.4676130771618,50.532386922838214,5.10186655646215
1630558,Mitchell,476,530,504.2782433698568,25.721756630143204,5.100697077725631
1628386,Allen,640,904,860.2987667424978,43.70123325750217,5.0797681165224216
1629003,Milton,254,268,255.04476491007406,12.955235089925935,5.0795727168783955
201942,DeRozan,1308,1332,1268.1385542366368,63.861445763363236,5.0358373847746565
1628978,DiVincenzo,593,674,642.725245641397,31.27475435860299,4.865952584119685
1627826,Zubac,942,1184,1129.228421114209,54.77157888579109,4.850349969782762
1630595,Cunningham,1457,1517,1447.5740568785855,69.42594312141455,4.796016813878937
1628381,Collins,531,619,590.8073758212262,28.192624178773826,4.771872798787925
1627780,Payton II,298,373,356.06378288863635,16.936217111363646,4.756498796080223
203468,McCollum,1000,1059,1011.7722258654258,47.22777413457425,4.667822089695813
1626145,Jones,683,778,743.5564043083124,34.44359569168762,4.632271226419763
1642272,McCain,274,303,289.6268147416822,13.37318525831779,4.617369112232979
1631103,Branham,190,208,199.06387836833423,8.93612163166577,4.489049853953174
1642271,Filipowski,518,597,571.5396742027613,25.46032579723874,4.4546830954337935
1629684,Williams,123,135,129.27501956225413,5.72498043774587,4.4284937431794535
1630162,Edwards,1612,1762,1687.3684391717406,74.63156082825935,4.422953213191586
1630538,Hyland,118,126,120.69728917807686,5.302710821923142,4.393360384834937
203081,Lillard,992,1085,1039.4660816102491,45.53391838975085,4.380506049235709
1630643,Huff,305,395,378.43665947964126,16.563340520358736,4.376768565563383
1641726,Lively II,191,268,256.8568192876644,11.143180712335607,4.338268051655439
1630193,Quickley,438,453,434.83570143687416,18.16429856312584,4.177268961682338
1630167,Toppin,599,744,714.1683600077746,29.831639992225405,4.177110033382089
1629655,Gafford,403,566,543.892215548667,22.107784451333032,4.064728851054192
1631255,Matković,230,287,275.83357041956475,11.16642958043525,4.048234259922636
1631221,Gillespie,158,175,168.24149041453333,6.758509585466669,4.0171240741945455
202331,George,570,586,563.3928901930107,22.607109806989342,4.012665064444429
204456,McConnell,624,663,638.6231088617278,24.376891138272185,3.8170953460747232
1641716,Walker,360,415,399.9038693248844,15.096130675115603,3.774930447983979
203484,Caldwell-Pope,544,591,569.6098304087573,21.39016959124274,3.7552252255970946
1630548,Juzang,475,526,507.1229972685789,18.8770027314211,3.722364319790534
1626158,Holmes,139,180,173.58633892188007,6.4136610781199295,3.694774698404867
203932,Gordon,497,603,582.0893123147317,20.91068768526827,3.5923442192527038
1630230,Marshall,712,784,757.359003566694,26.640996433305986,3.5176133289114135
1630191,Stewart,315,369,356.55254868381206,12.447451316187937,3.4910468181109615
1629638,Alexander-Walker,616,681,658.8039664811463,22.19603351885371,3.369135730322233
1629656,Grimes,823,930,900.3104740928759,29.689525907124107,3.2976949379700278
202687,Biyombo,114,134,129.83030001912306,4.169699980876942,3.211629229825766
1629026,Williams,354,408,396.1941228635673,11.805877136432684,2.9798138480614575
1631133,Walker,229,264,256.69768450105164,7.30231549894836,2.8447031246544796
1627824,Yabusele,563,668,649.5445944511998,18.455405548800172,2.8412794585102406
1631107,Jović,377,422,410.50635864062355,11.493641359376454,2.7998624427676826
1628449,Boucher,370,434,422.3386106544746,11.661389345525379,2.761140336198733
1629675,Reid,923,1027,999.6882079765923,27.311792023407747,2.732028294942567
1630163,Ball,1003,991,965.4566139743224,25.54338602567759,2.645728373359429
1630175,Anthony,543,537,523.3166121908127,13.683387809187252,2.614738638721373
1629599,Coffey,510,581,566.2620081855983,14.737991814401653,2.602676071252588
1626220,O'Neale,570,661,644.2493671599902,16.750632840009757,2.600019137567675
1641706,Miller,491,500,487.4298820073976,12.570117992602377,2.5788513729032876
1630166,Avdija,844,929,905.9076881590129,23.092311840987122,2.5490772020208023
1631223,Roddy,125,133,129.6989752185902,3.301024781409808,2.5451236793580088
203903,Clarkson,492,486,473.9917402879458,12.008259712054212,2.5334269264882234
204001,Porziņģis,574,657,641.3757925295806,15.624207470419378,2.436041910527778
1631093,Ivey,413,443,432.5721935739274,10.427806426072607,2.4106455464606777
202710,Butler,263,297,290.094066281878,6.905933718122014,2.3805760665407854
1630692,Goodwin,144,152,148.47868257769122,3.5213174223087833,2.371581997736473
1629028,Ayton,468,536,523.8179761916989,12.182023808301096,2.325617123852137
1630583,Aldama,648,746,729.2637277179448,16.73627228205521,2.2949515650410346
1628415,Brooks,895,954,933.0374111449225,20.962588855077456,2.246701593919854
1629632,White,1121,1232,1207.2130943038028,24.78690569619721,2.0532319671509267
1629726,Mathews,257,289,283.3185952037443,5.68140479625572,2.00529892476023
1630215,Butler,453,466,457.0036706163488,8.996329383651187,1.9685421095408284
201144,Conley,468,501,491.35063351248874,9.649366487511259,1.9638413367086118
203992,Bogdanović,486,519,509.09404128893914,9.905958711060862,1.9457975245605843
1629622,Strus,373,443,434.7731714378882,8.226828562111791,1.8922072888791819
203937,Anderson,303,309,303.31068886903273,5.689311130967269,1.87573091962963
1626167,Turner,811,936,919.511921634094,16.48807836590595,1.7931317742228665
1628404,Hart,770,892,876.4723316286431,15.527668371356867,1.7716076246728125
1630534,Agbaji,534,633,622.3065589594697,10.693441040530274,1.718353069406751
1641733,Smith Jr.,568,548,538.7836288505114,9.216371149488623,1.710585390892017
1641705,Wembanyama,857,958,942.8149832872954,15.185016712704623,1.6106023849701154
1629611,Mann,413,470,462.65134892432985,7.348651075670148,1.5883743144838272
1631105,Duren,546,756,744.4868598011922,11.513140198807832,1.5464510330473755
1628378,Mitchell,1320,1403,1382.6578620410864,20.342137958913554,1.4712333256870325
1641732,Jones,129,134,132.10267676469795,1.8973232353020535,1.4362380228686225
1642261,Knecht,557,642,633.3544173883466,8.645582611653367,1.3650443928155847
1629060,Hachimura,576,688,678.9971150638032,9.002884936196779,1.3259072059943504
1631222,LaRavia,337,380,375.14700246119094,4.852997538809063,1.2936221189958506
1630532,Wagner,1161,1178,1163.0025252025425,14.997474797457471,1.2895468046707417
1629111,Landale,152,173,170.8521560171097,2.1478439828902935,1.257128655367187
202691,Thompson,877,938,926.7229642784471,11.27703572155292,1.216871059370229
1630598,Wiggins,728,840,830.4642473358293,9.535752664170673,1.1482422286497607
1627741,Hield,786,859,849.3771271969533,9.622872803046675,1.1329315524998596
1630170,Vassell,889,946,935.6386539596034,10.361346040396597,1.1074077500400548
1629652,Dort,593,686,678.6330562710182,7.366943728981823,1.0855546757352497
1630702,Hardy,414,436,431.3281220620112,4.671877937988825,1.0831352902058766
1631119,Williams,221,255,252.41511406960245,2.5848859303975473,1.0240574140543097
1630530,Murphy III,839,920,910.8519390630001,9.148060936999855,1.004340058057069
1642348,Edwards,378,413,409.0017590376131,3.9982409623868875,0.977558433051841
1630570,Watford,350,357,353.93530752346584,3.0646924765341623,0.8658881305447803
1631117,Kessler,420,562,557.3569352274313,4.643064772568664,0.8330490119736161
1630590,Pippen Jr.,594,657,652.4274637915189,4.572536208481097,0.7008486695856718
1631114,Williams,1168,1254,1245.4418995714868,8.558100428513171,0.6871531751040303
1631209,Wong,105,95,94.599206500749,0.4007934992509945,0.4236708502827858
1629674,Queta,203,264,263.0743585197529,0.9256414802471227,0.35185411718354515
203944,Randle,939,1018,1017.11304260876,0.8869573912400028,0.08720333749056075
1630182,Green,421,457,456.6062262296983,0.39377377030172056,0.0862390579214423
1641737,Bona,192,270,269.78619001456934,0.21380998543065743,0.07925134822713824
203507,Antetokounmpo,1319,1600,1599.011759818008,0.9882401819920688,0.0618031454673661
1626171,Portis,595,619,618.6182898423456,0.3817101576544246,0.061703565330415586
1628369,Tatum,1465,1574,1573.259142127355,0.7408578726449377,0.047090614756384354
1628392,Hartenstein,480,558,557.9201618297508,0.07983817024921791,0.01430993762405099
202699,Harris,805,859,861.2874207339814,-2.2874207339814348,-0.2655812709094728
1629022,Walker IV,212,223,223.63307353042012,-0.6330735304201198,-0.2830845588179143
1630541,Moody,568,618,620.7493379864042,-2.749337986404157,-0.44290559636624377
1626164,Booker,1420,1491,1498.6017022756578,-7.601702275657772,-0.5072526737149504
1631094,Banchero,911,911,915.8088906853228,-4.808890685322808,-0.5250970462575152
203076,Davis,910,975,980.1937500628704,-5.193750062870436,-0.5298691981912068
1631109,Williams,447,540,542.972534897936,-2.9725348979360433,-0.5474548402243578
1630256,Tate,148,156,156.87673158343492,-0.8767315834349176,-0.5588629913153931
203952,Wiggins,839,882,887.3092171967686,-5.3092171967686,-0.5983496069212101
1629027,Young,1376,1350,1359.6908022078521,-9.69080220785213,-0.7127204997571005
1629216,Vincent,420,445,448.2508180718645,-3.250818071864501,-0.7252213913705363
1641740,Clark,120,134,134.99930972646757,-0.9993097264675725,-0.7402277287306491
1642345,Ighodaro,187,226,227.87910413319318,-1.8791041331931808,-0.8246021039620322
1630241,Merrill,424,481,485.0187609279058,-4.0187609279058165,-0.8285767409182268
1630556,Edwards,135,156,157.36405803858491,-1.3640580385849148,-0.8668112575858209
201935,Harden,1295,1297,1308.3883309261403,-11.38833092614027,-0.8704084217867374
1630591,Suggs,481,470,474.54534272619895,-4.545342726198953,-0.9578290499694145
1641739,Camara,716,791,799.9553006074085,-8.955300607408503,-1.1194737263283914
1628368,Fox,1163,1196,1209.8070602991377,-13.807060299137675,-1.1412603992507484
201950,Holiday,573,616,623.5275057390651,-7.527505739065077,-1.2072432406506843
1630168,Okongwu,684,824,834.2420924260088,-10.242092426008753,-1.2277107858603158
1641708,Thompson,697,801,811.4921895575014,-10.492189557501433,-1.292948565991381
1630700,Daniels,923,990,1003.3197070194161,-13.319707019416114,-1.3275622566372842
1641721,Lewis,108,109,110.57443687138267,-1.574436871382673,-1.4238576992591951
1629614,Nembhard,539,545,552.9629338448362,-7.962933844836243,-1.4400457891473755
1629628,Barrett,982,1027,1042.5061845271596,-15.506184527159576,-1.4873935410039956
1631101,Sharpe,1104,1145,1162.539619002293,-17.539619002292966,-1.5087317135934304
1627759,Brown,1118,1152,1169.9563690338666,-17.956369033866622,-1.534788318714102
1629312,Highsmith,391,447,454.1179098525178,-7.117909852517812,-1.5674110234320489
1630178,Maxey,1091,1115,1133.766310150602,-18.766310150602067,-1.6552170787239646
1628970,Bridges,1089,1079,1097.5138210839496,-18.51382108394955,-1.6868857466238643
1642267,Carrington,748,738,750.771865684209,-12.771865684209047,-1.7011623978404629
1631124,Strawther,486,514,524.3604563368617,-10.360456336861716,-1.975823396562909
1630581,Giddey,798,847,864.386650231585,-17.38665023158501,-2.011441304943079
203501,Hardaway Jr.,680,720,734.9659609245703,-14.965960924570254,-2.0362766927296225
1631232,Brooks Jr.,109,120,122.51662827660331,-2.5166282766033135,-2.054094836803092
1628436,Kornet,280,374,382.0017975428016,-8.001797542801626,-2.0946960583201126
1631213,Martin,465,477,487.38203524838644,-10.382035248386444,-2.1301593403010872
1630631,Alvarado,521,519,530.5984480713167,-11.598448071316739,-2.185914085187253
1629048,Bitadze,339,417,426.5284613115698,-9.5284613115698,-2.2339515029676886
1629004,Mykhailiuk,302,306,313.1763605150046,-7.176360515004603,-2.2914684839298207
1631217,Diabaté,208,254,259.98993718661643,-5.98993718661643,-2.303902301916382
1628389,Adebayo,1113,1159,1187.115646069672,-28.11564606967204,-2.3683979297870894
203471,Schröder,827,799,819.5127338727284,-20.512733872728404,-2.5030372310897797
1630540,McBride,547,559,573.629637388667,-14.629637388666993,-2.550358442370747
1630596,Mobley,906,1095,1124.1427806815548,-29.14278068155477,-2.5924424599748135
1626166,Payne,446,451,463.3523028657828,-12.352302865782804,-2.6658497499392664
1630578,Sengun,1143,1155,1187.0390137247384,-32.039013724738425,-2.699067710801527
203914,Harris,133,138,141.86216178004003,-3.862161780040026,-2.7224557323967855
1630183,McDaniels,834,896,923.3849859360639,-27.384985936063913,-2.9657138350765564
1628420,Morris,195,197,203.14757801644663,-6.14757801644663,-3.0261486821477677
203500,Adams,167,182,187.6905439494525,-5.69054394945249,-3.0318595231892913
1628380,Collins,302,338,348.76615488996936,-10.766154889969357,-3.0869176581051367
1627832,VanVleet,759,733,756.5931693888035,-23.593169388803517,-3.1183387796740085
1628418,Bryant,321,374,386.07185006237296,-12.07185006237296,-3.1268321666293453
203994,Nurkić,352,368,379.87992587112865,-11.879925871128648,-3.1272762231707345
1630611,Santos,179,198,204.41122512464332,-6.411225124643323,-3.136419615183967
201143,Horford,461,504,520.3552906388051,-16.35529063880506,-3.1430946320888733
1629637,Hayes,223,322,332.4598089450721,-10.459808945072098,-3.1461780347169364
1631108,Christie,590,619,639.1224729498372,-20.122472949837174,-3.1484484299978956
1630224,Green,1437,1450,1497.514251172296,-47.5142511722961,-3.1728726058115693
1631095,Smith Jr.,566,594,613.6196864467382,-19.61968644673823,-3.1973639220589085
1630577,Champagnie,665,730,754.4441954583278,-24.44419545832784,-3.2400226822940947
1629651,Claxton,568,645,666.703479643107,-21.703479643107016,-3.2553373054767967
1630527,Boston,183,191,197.44162901956477,-6.441629019564772,-3.262532033508562
1629630,Morant,889,896,926.2305005716881,-30.23050057168814,-3.2638169348623194
1629023,Washington,665,693,716.4561798705997,-23.456179870599726,-3.2739123187845194
1627732,Simmons,223,232,239.90269077046875,-7.902690770468752,-3.2941097092290104
1641718,George,919,892,922.6468599760258,-30.64685997602578,-3.321620447569468
202704,Jackson,133,129,133.4833654828646,-4.483365482864599,-3.358719552395916
1630703,Henderson,685,679,702.8697953646675,-23.86979536466754,-3.396043130840751
1628989,Huerter,604,646,668.7753104126506,-22.775310412650583,-3.4055199112237826
1627747,LeVert,599,666,689.5865980029203,-23.586598002920255,-3.420391850321584
203954,Embiid,315,303,313.83901944787686,-10.839019447876865,-3.4536766429422903
1641871,Reath,166,174,180.27708739391707,-6.277087393917071,-3.481891495887299
1628370,Monk,939,963,998.3314258602926,-35.3314258602926,-3.539044204624173
1630245,Dosunmu,449,504,522.496075519621,-18.496075519620945,-3.5399385730966406
1642265,Dillingham,211,211,218.7951203318591,-7.795120331859096,-3.5627324287267266
1631288,Cain,158,162,168.28838615766662,-6.288386157666622,-3.736650481198601
1630567,Barnes,1063,1024,1063.7650690863588,-39.765069086358835,-3.7381403902562926
203935,Smart,257,251,260.77377449287883,-9.773774492878829,-3.747975436614069
1631096,Holmgren,341,378,392.7326588083541,-14.732658808354074,-3.7513104563169892
1629645,Porter Jr.,652,641,666.1003929235364,-25.100392923536447,-3.7682540811647556
1629640,Johnson,770,829,861.4949097218285,-32.49490972182855,-3.7719168895788426
1630526,Robinson-Earl,347,372,387.3963849299334,-15.39638492993339,-3.9743130771825057
1641744,Edey,433,520,541.526869904532,-21.526869904531964,-3.975209975495263
1629234,Eubanks,194,233,242.9022555917922,-9.902255591792198,-4.076625308156964
1631111,Moore Jr.,126,132,137.6931530147691,-5.693153014769109,-4.134636722126073
1642347,Shead,504,480,500.99174288988917,-20.991742889889167,-4.190029334317692
1627884,Jones Jr.,589,698,729.0878653171625,-31.087865317162482,-4.2639336294950665
200768,Lowry,117,111,116.01573651434447,-5.015736514344468,-4.323287023096289
1642377,Wells,676,712,744.3515027907739,-32.35150279077391,-4.346261034856414
203915,Dinwiddie,682,677,707.8930470017903,-30.89304700179025,-4.3640778069309185
1630208,Richards,347,410,428.7742338185741,-18.77423381857409,-4.3785723469555515
1641717,Wallace,489,538,562.7380686865407,-24.738068686540714,-4.396010524785585
1626192,Connaughton,177,192,200.93350664547626,-8.933506645476257,-4.445979336559802
1630811,Wallace,162,157,164.63088132008042,-7.6308813200804195,-4.63511760838371
1630568,Garza,105,114,119.71962966375418,-5.719629663754176,-4.777480439100809
1631170,Jaquez Jr.,462,463,487.84781221171994,-24.84781221171994,-5.093342771312584
1626156,Russell,638,611,644.5588271742106,-33.55882717421059,-5.206472038652258
1628997,Martin,304,295,311.21695499612963,-16.21695499612963,-5.210803148016093
1630552,Johnson,542,586,618.3538656341046,-32.353865634104636,-5.2322488965825
1626172,Looney,278,288,304.06429949844073,-16.064299498440732,-5.283174214531873
202710,Butler III,334,337,356.31289512759,-19.312895127590025,-5.420191407543734
1630188,Smith,408,452,477.9218911641487,-25.92189116414869,-5.423864737051376
1627739,Dunn,437,459,485.7777096491134,-26.777709649113376,-5.512326727627769
1630527,Boston Jr.,198,190,201.14017952609512,-11.140179526095125,-5.5384877190947615
1629731,Wade,271,304,321.9803639304496,-17.980363930449585,-5.584287149716367
1631099,Murray,820,882,934.579315749717,-52.57931574971701,-5.625981508880601
1641724,Howard,262,251,266.2802653036318,-15.28026530363178,-5.738392930575944
1631106,Eason,559,607,644.3214906680123,-37.3214906680123,-5.7923619318826844
1641715,Whitmore,403,423,449.0626450045383,-26.062645004538297,-5.803775321040496
1641787,Evbuomwan,220,212,225.22206872299176,-13.222068722991764,-5.870654723763648
1628975,Carter,146,145,154.082555891691,-9.082555891690987,-5.894565347437421
1630549,Sharpe,317,341,362.4131690745475,-21.41316907454751,-5.908480104193411
1630592,Wilson,620,614,652.7504403128243,-38.75044031282425,-5.936477182532682
1628374,Markkanen,700,730,776.187661290209,-46.18766129020901,-5.950571503252083
1641711,Dick,647,644,686.2081242858069,-42.20812428580689,-6.150912716256329
1631097,Mathurin,853,880,938.3842125245685,-58.38421252456851,-6.221774570327632
1631230,Barlow,113,127,135.46922076153373,-8.469220761533734,-6.251721384910105
1631166,Timme,102,99,105.76823242876645,-6.768232428766453,-6.3990560140679165
1628398,Kuzma,848,836,893.3848326797624,-57.38483267976244,-6.423297816088411
1630194,Reed,142,152,162.47146433746133,-10.471464337461327,-6.445070172451935
1628384,Anunoby,1027,1149,1229.3463332171725,-80.34633321717251,-6.53569020293948
1629006,Okogie,212,220,235.52885811073088,-15.52885811073088,-6.59315903100074
1631323,Fontecchio,373,376,402.9676372976211,-26.96763729762108,-6.692242224722704
1630529,Jones,172,172,184.53920247261132,-12.539202472611322,-6.794835111591653
203486,Plumlee,202,250,268.6774117590845,-18.67741175908452,-6.95158633579834
1641842,Holland II,416,430,462.132092404255,-32.13209240425499,-6.952995345364093
1630545,Shannon Jr.,114,121,130.06214582697615,-9.062145826976149,-6.967497033349924
1642276,Ware,464,549,590.6004669336129,-41.60046693361289,-7.043745954374514
1628366,Ball,243,245,263.6274903477662,-18.627490347766184,-7.065810801857449
1626162,Oubre Jr.,741,767,825.7597158925212,-58.75971589252117,-7.1158284429904
1630228,Kuminga,568,562,605.9485854220977,-43.94858542209772,-7.252845200229592
1642258,Risacher,779,836,903.7873989880852,-67.78739898808522,-7.500361706786952
1628464,Theis,129,131,141.63113426128984,-10.631134261289844,-7.5061597544502225
1627763,Brogdon,240,224,242.29384527348398,-18.29384527348398,-7.55024121657862
1627936,Caruso,314,340,367.91998623504844,-27.91998623504844,-7.588582135733785
1630231,Martin,201,237,256.8147446822576,-19.814744682257583,-7.71554902397949
203497,Gobert,510,682,739.12428730065,-57.12428730065005,-7.728633870621978
1642266,Walter,393,383,415.1244825115094,-32.12448251150943,-7.738499288734648
1641710,Black,621,586,635.3326526320707,-49.332652632070676,-7.76484173751769
1641767,Sheppard,287,308,334.3292560039208,-26.32925600392082,-7.875223833649099
201599,Jordan,140,182,197.60059159892492,-15.600591598924922,-7.894972643028954
1630322,Waters III,249,248,269.35302556522663,-21.35302556522663,-7.927494501119233
1630639,Lawson,190,193,209.62168042704164,-16.62168042704164,-7.929333025023859
203110,Green,509,512,556.5158048244544,-44.51580482445445,-7.9990046012170914
1630171,Okoro,267,304,330.7970558911529,-26.797055891152922,-8.100729558087346
1629610,Jeffries,291,291,317.0515494199075,-26.051549419907474,-8.216792284929571
1641722,Hawkins,556,524,571.0726611469562,-47.07266114695619,-8.242835267943278
1630192,Nnaji,141,157,171.5282279930613,-14.528227993061307,-8.469826491406469
1641783,da Silva,483,478,523.0519059369587,-45.05190593695875,-8.613259849164983
1626168,Lyles,374,395,433.23081010401125,-38.230810104011255,-8.824562096405783
1630625,Banton,507,468,514.2636264930654,-46.26362649306543,-8.996074026819977
203995,Micić,273,235,258.38772343297217,-23.387723432972166,-9.05137156228844
1630695,Potter,135,145,159.6728656774476,-14.67286567744759,-9.189271904450418
1629659,Horton-Tucker,291,307,338.10694966006827,-31.106949660068267,-9.20030117343973
201566,Westbrook,831,840,927.16769399693,-87.16769399692998,-9.401492367172033
1641748,Jackson Jr.,197,218,240.95737622440257,-22.957376224402566,-9.527527776424982
1642270,Clingan,334,374,413.53107807338796,-39.53107807338796,-9.559374029110392
1641824,Buzelis,555,600,664.2530997545406,-64.25309975454059,-9.672969994206102
1629646,Bassey,117,136,150.65317273076707,-14.653172730767068,-9.726363674608365
1642273,George,546,520,576.3130864362851,-56.31308643628506,-9.771249351981753
1642268,Collier,555,510,565.2728798715741,-55.272879871574105,-9.778070744066873
1631245,Jackson,122,131,145.47863826763827,-14.478638267638274,-9.952346898884903
1630172,Williams,516,506,562.4472219461771,-56.44722194617714,-10.035985490514857
1631218,Jackson-Davis,302,348,387.04085953065857,-39.040859530658565,-10.08698634767851
1630533,Williams,520,531,591.6586664046891,-60.65866640468914,-10.252290269047888
1631110,Sochan,469,530,591.0000013321471,-61.00000133214712,-10.321471739413289
1631207,Terry,268,277,309.230986998226,-32.230986998226,-10.422914948449659
1631246,Williams Jr.,167,160,178.71054466100514,-18.710544661005144,-10.469689966866357
1628964,Bamba,112,119,132.98644567690394,-13.98644567690394,-10.517117315633186
1641709,Thompson,460,503,562.6169714558436,-59.616971455843554,-10.59635036214312
1628998,Martin,325,315,352.4327564124542,-37.43275641245418,-10.62121767037733
1628963,Bagley III,106,113,126.92978975892184,-13.929789758921842,-10.97431898547116
1631172,Dieng,125,131,147.21465133896393,-16.214651338963932,-11.014217028887579
1642281,Tyson,149,148,166.48483221027746,-18.48483221027746,-11.102946097497632
203924,Grant,574,536,604.2246657446601,-68.22466574466011,-11.291255835777621
1627749,Murray,494,440,496.15902371796886,-56.159023717968864,-11.318732068968785
1641796,Larsson,203,210,237.19659127468088,-27.196591274680884,-11.465795722683596
1631115,Robinson,261,249,282.5065001397379,-33.50650013973791,-11.860393130506074
1642263,Sheppard,239,216,245.36590818423167,-29.36590818423167,-11.968161640681606
1630553,Johnson,779,732,832.4617447008452,-100.4617447008452,-12.06801689809521
203083,Drummond,234,237,269.5559895964028,-32.55598959640281,-12.077590584888052
1628971,Brown,309,287,326.51464302564233,-39.51464302564233,-12.101914217487925
1642346,Dunn,477,492,560.6326529093039,-68.63265290930394,-12.241978795448253
1631212,Watson,428,456,519.7254946680242,-63.725494668024226,-12.26135194603249
1630243,Queen,147,134,153.02499210425736,-19.024992104257365,-12.432523287478864
1641757,Miller,134,124,141.65932836889385,-17.659328368893853,-12.465965999251159
1626179,Rozier,635,587,671.0567072406255,-84.05670724062554,-12.526002806266076
1641712,Rupert,142,132,150.95314352395286,-18.95314352395286,-12.555563617864815
1642274,Missi,492,538,617.9110991383463,-79.91109913834634,-12.932438003686798
1641763,Phillips,287,306,351.5948758113945,-45.5948758113945,-12.9679779963781
1628976,Carter Jr.,491,489,561.9207452683863,-72.92074526838633,-12.97702854221414
1642264,Castle,988,941,1081.4182653530318,-140.41826535303176,-12.984627688058795
1629750,Green,287,292,336.58152063308313,-44.58152063308313,-13.245346356438558
203991,Capela,390,436,504.51780659048114,-68.51780659048114,-13.580823092308862
1631248,Scheierman,110,104,120.62105555226304,-16.621055552263044,-13.779449766598848
1641730,Clowney,372,353,410.2011003425688,-57.20110034256879,-13.944614202316103
1630311,Spencer,101,87,101.20238671039,-14.202386710390002,-14.033509324181459
201567,Love,115,106,123.56721956234027,-17.56721956234027,-14.216616233980448
1642259,Sarr,828,757,886.7193670412363,-129.7193670412363,-14.629117798892713
1641731,Coulibaly,624,589,690.3635984152227,-101.36359841522267,-14.682618235047029
1630173,Achiuwa,327,338,396.7277051011926,-58.72770510119261,-14.802988628265021
1641816,Tyson,120,113,133.78984024040977,-20.789840240409774,-15.539060972374754
1631200,Murray,279,261,312.74215918624014,-51.742159186240144,-16.544617417331718
1631104,Wesley,186,179,215.5946606121927,-36.59466061219271,-16.973746367751872
1642354,Simpson,301,241,291.3309542625535,-50.33095426255352,-17.27615303647549
1641741,Council IV,463,409,497.6704786592289,-88.67047865922888,-17.81707059004366
1642358,Johnson,213,188,230.27107940818325,-42.271079408183255,-18.35701467447688
1642275,Salaün,340,283,347.8835096534588,-64.88350965345882,-18.650876326195664
1628371,Isaac,324,307,377.48322604579386,-70.48322604579386,-18.67183346549779
1642269,Carter,127,112,139.10577474351652,-27.10577474351652,-19.485589248614122
1629020,Vanderbilt,121,127,158.2894486351726,-31.28944863517259,-19.76711096908218
1641713,Jackson,199,180,226.48793480453537,-46.48793480453537,-20.525477257710367
1642367,Mogbo,356,329,417.42199441277756,-88.42199441277756,-21.182827873957418
1641794,Jones,133,118,150.82553319090766,-32.82553319090766,-21.763765629591823
1641765,Prosper,174,152,195.95484023457246,-43.95484023457246,-22.43099270833445
1626153,Wright,131,110,141.8614422815632,-31.8614422815632,-22.459392189460416
1631243,Gueye,171,165,213.6836669357323,-48.683666935732305,-22.782948179606343
1641878,Baugh,130,96,128.71741021051494,-32.71741021051494,-25.41781720035746
203901,Payton,122,81,109.1546802197364,-28.154680219736406,-25.793142567624038
1642262,Williams,257,201,270.98008294061407,-69.98008294061407,-25.824711519051064
1641736,Beekman,107,77,108.34792738171168,-31.347927381711685,-28.932383678588153
