teamId,opp_fg_pct_allowed,shots_faced,opp_rim_fg_pct_allowed,opp_3pt_pct_allowed,opp_mid_fg_pct_allowed,season_year,season
1610612737,0.4622241706853719,6843,0.5744603000365899,0.36475181260457334,0.4046920821114369,2013,2013-14
1610612738,0.4645692883895131,6675,0.5720338983050848,0.34707018673535095,0.41766329346826125,2013,2013-14
1610612739,0.4523148824302614,6847,0.5785425101214575,0.3672587614018243,0.3979328165374677,2013,2013-14
1610612740,0.4652048119384803,6567,0.5849319846529474,0.35686918445539134,0.402321083172147,2013,2013-14
1610612741,0.4304804804804805,6660,0.5378695828270554,0.35117493472584854,0.39570815450643776,2013,2013-14
1610612742,0.46395923872321293,6673,0.5775,0.3591101694915254,0.3973973973973974,2013,2013-14
1610612743,0.4569573807507762,7086,0.5647260273972603,0.3509280742459397,0.41337630942788073,2013,2013-14
1610612744,0.43627167630057806,6920,0.5489795918367347,0.34359903381642515,0.4021276595744681,2013,2013-14
1610612745,0.442920476586312,7218,0.5532716683795821,0.3525674960296453,0.38648180242634317,2013,2013-14
1610612746,0.4409313020983041,6958,0.5704674220963173,0.3322166387493021,0.37099358974358976,2013,2013-14
1610612747,0.46802721088435373,7350,0.5789473684210527,0.3613673358654368,0.4007029876977153,2013,2013-14
1610612748,0.4572972972972973,6475,0.5709395207303157,0.3620239958268127,0.4142857142857143,2013,2013-14
1610612749,0.46801547158583756,6722,0.5675581799235846,0.38170865279299016,0.41098677517802645,2013,2013-14
1610612750,0.47119750283768447,7048,0.5948305972755851,0.36428571428571427,0.4028906955736224,2013,2013-14
1610612751,0.4576869912455844,6511,0.5629906542056075,0.36736958934517205,0.4019715224534502,2013,2013-14
1610612752,0.45836588033119824,6401,0.563989732306564,0.3711608537220198,0.3954599761051374,2013,2013-14
1610612753,0.45561871447310887,6861,0.5803500397772474,0.37064116985376827,0.383248730964467,2013,2013-14
1610612754,0.4200442151805453,6785,0.5002066969822241,0.34465086483023705,0.3847316704459562,2013,2013-14
1610612755,0.4708243727598566,6975,0.591081921880401,0.36986986986986986,0.3923444976076555,2013,2013-14
1610612756,0.4558479532163743,6840,0.5666550643926209,0.34068627450980393,0.40625,2013,2013-14
1610612757,0.4509232264334305,7203,0.5322850451656073,0.3550531914893617,0.4043062200956938,2013,2013-14
1610612758,0.4607959607959608,6734,0.5964636542239685,0.37970540098199673,0.37657657657657656,2013,2013-14
1610612759,0.44380733944954126,6976,0.5482771677394926,0.3526666666666667,0.38742690058479534,2013,2013-14
1610612760,0.4361297866121017,6842,0.5240219629375429,0.35823170731707316,0.4051724137931034,2013,2013-14
1610612761,0.44987068309752015,6573,0.5579021471312918,0.35994930291508237,0.37062256809338523,2013,2013-14
1610612762,0.4726615454134659,6639,0.5819787985865724,0.37649277184160906,0.41028128031037825,2013,2013-14
1610612763,0.44984615384615384,6500,0.5543958249698916,0.35528596187175043,0.38981481481481484,2013,2013-14
1610612764,0.45808202653799757,6632,0.580084909301428,0.3471355643788996,0.4056261343012704,2013,2013-14
1610612765,0.47038123167155427,6820,0.5731538992408558,0.36485042735042733,0.4037199124726477,2013,2013-14
1610612766,0.44194208832992105,6838,0.5415204678362573,0.36944444444444446,0.4010507880910683,2013,2013-14
1610612737,0.4388848129126926,6815,0.5388209920920202,0.3409090909090909,0.4013452914798206,2014,2014-15
1610612738,0.45009361947285037,6943,0.5625449317038103,0.33647450110864746,0.41013071895424835,2014,2014-15
1610612739,0.4556204379562044,6850,0.5742760436254231,0.3430735930735931,0.3648867313915858,2014,2014-15
1610612740,0.4561197534487819,6814,0.5660121868652674,0.33457943925233646,0.4015957446808511,2014,2014-15
1610612741,0.43536362357574904,7109,0.5280478683620045,0.335202492211838,0.40771558245083206,2014,2014-15
1610612742,0.4497835497835498,6930,0.5635972769616625,0.36430678466076694,0.39669421487603307,2014,2014-15
1610612743,0.4579533941236069,6909,0.5631313131313131,0.34613274821722434,0.423992673992674,2014,2014-15
1610612744,0.4278656126482213,7084,0.5372907153729072,0.3369379624359704,0.4032616753150482,2014,2014-15
1610612745,0.44278963196333954,6983,0.5569272976680384,0.3216374269005848,0.3924170616113744,2014,2014-15
1610612746,0.4424017790956264,6745,0.5509241053873378,0.3486472690148035,0.3908851884312007,2014,2014-15
1610612747,0.4664808566818249,6817,0.5730524908057506,0.36283185840707965,0.40082219938335045,2014,2014-15
1610612748,0.45377893607235936,6523,0.5747970622342482,0.35294117647058826,0.4119318181818182,2014,2014-15
1610612749,0.4366112857356683,6681,0.5396770869117142,0.342451874366768,0.37321063394683024,2014,2014-15
1610612750,0.4865137747007068,6933,0.6194840461642905,0.36742224565102793,0.4122448979591837,2014,2014-15
1610612751,0.45566324316505136,6913,0.5705307262569832,0.35802469135802467,0.3987603305785124,2014,2014-15
1610612752,0.4597997572815534,6592,0.5603323699421965,0.3802739726027397,0.43730569948186526,2014,2014-15
1610612753,0.4630952380952381,6720,0.5899166335847559,0.36805180787911496,0.4131175468483816,2014,2014-15
1610612754,0.4346992924528302,6784,0.5391650099403579,0.3450087565674256,0.4052502050861362,2014,2014-15
1610612755,0.4487840825350037,6785,0.5418956043956044,0.35018626929217667,0.40858018386108275,2014,2014-15
1610612756,0.4516637980493402,6972,0.5684281842818428,0.3520578420467186,0.37937384898710863,2014,2014-15
1610612757,0.4394215920258318,7123,0.5411679361624955,0.33762886597938147,0.4131386861313869,2014,2014-15
1610612758,0.4564420637158162,7094,0.5930059523809523,0.3493917274939173,0.3785004516711834,2014,2014-15
1610612759,0.4436671039207113,6861,0.5441016333938294,0.36,0.3834988540870894,2014,2014-15
1610612760,0.4402111872146119,7008,0.5252100840336135,0.3432459677419355,0.4010989010989011,2014,2014-15
1610612761,0.45911301016649475,6787,0.5611460517120894,0.3462800875273523,0.42574257425742573,2014,2014-15
1610612762,0.4455746166691969,6587,0.5409772989611389,0.36167664670658684,0.420443587270974,2014,2014-15
1610612763,0.4419509275882705,6684,0.5563763608087092,0.3509793541556379,0.4117100371747212,2014,2014-15
1610612764,0.4332261835184103,6844,0.544912559618442,0.3485411140583554,0.3882978723404255,2014,2014-15
1610612765,0.45562564177790815,6817,0.5537424618659099,0.35494689770821686,0.41023166023166024,2014,2014-15
1610612766,0.44004079848462774,6863,0.5406834825061025,0.35737885462555063,0.4064039408866995,2014,2014-15
1610612737,0.43156701615188436,7058,0.5353714895129754,0.3381474103585657,0.38321167883211676,2015,2015-16
1610612738,0.4409866628423921,6973,0.5542256075444324,0.33629707112970714,0.38207136640557005,2015,2015-16
1610612739,0.44818883610451304,6736,0.5671462829736211,0.34747583243823843,0.40553745928338764,2015,2015-16
1610612740,0.46793660026174205,6877,0.6006998444790047,0.3690651003426334,0.4080914687774846,2015,2015-16
1610612741,0.4410200463657439,7333,0.5485188968335035,0.34535809018567637,0.3944020356234097,2015,2015-16
1610612742,0.45101133266389326,6971,0.5629713423831071,0.3423963133640553,0.42967409948542024,2015,2015-16
1610612743,0.4608922363847045,6904,0.5640307907627712,0.3708804722085588,0.4046610169491525,2015,2015-16
1610612744,0.434924965893588,7330,0.5568971825832418,0.33195020746887965,0.37681159420289856,2015,2015-16
1610612745,0.4586498495055181,6977,0.5740489130434783,0.36083408884859475,0.39067055393586003,2015,2015-16
1610612746,0.4340627699395335,6946,0.5420974889217134,0.3378732320586695,0.390990990990991,2015,2015-16
1610612747,0.47315961839669657,7023,0.6041237113402061,0.3472222222222222,0.4121929026387625,2015,2015-16
1610612748,0.44171246745733295,6914,0.5466769112562428,0.34730195177956374,0.41122913505311076,2015,2015-16
1610612749,0.4543054129382426,6817,0.5558872305140962,0.3523721787194841,0.42064372918978915,2015,2015-16
1610612750,0.47055443837977595,6962,0.5856803529012555,0.35519387266634755,0.40293809024134314,2015,2015-16
1610612751,0.4789518900343643,6984,0.5942555298778475,0.36904761904761907,0.4128342245989305,2015,2015-16
1610612752,0.44264392324093815,7035,0.5334699453551912,0.34077299945563416,0.42208370436331255,2015,2015-16
1610612753,0.45985401459854014,6850,0.5646810010574551,0.35864772170504655,0.4093836246550138,2015,2015-16
1610612754,0.44024705544383796,6962,0.5587382160986222,0.33366093366093363,0.4046296296296296,2015,2015-16
1610612755,0.46438258386866527,7005,0.5678409487268922,0.35923423423423423,0.4178482068390325,2015,2015-16
1610612756,0.46695778748180494,6870,0.5793650793650794,0.37726604605585495,0.42448979591836733,2015,2015-16
1610612757,0.4529877609791217,6945,0.536756557074252,0.3707627118644068,0.40619307832422585,2015,2015-16
1610612758,0.46246872393661387,7194,0.5809452921473762,0.36589620584387267,0.41674418604651164,2015,2015-16
1610612759,0.43642867789536444,6709,0.5355064027939465,0.33108935128518974,0.4043583535108959,2015,2015-16
1610612760,0.4379866518353726,7192,0.5421611492816989,0.3422267829656234,0.38385650224215245,2015,2015-16
1610612761,0.4442959001782531,6732,0.5415419161676647,0.37304890738813734,0.3783783783783784,2015,2015-16
1610612762,0.44586959841197127,6549,0.5375829034635224,0.35678944474986257,0.41472868217054265,2015,2015-16
1610612763,0.4562625793466481,6459,0.5632636972802523,0.36475972540045765,0.3914510686164229,2015,2015-16
1610612764,0.4615608619685498,6868,0.579090555771473,0.37091092098641165,0.4043321299638989,2015,2015-16
1610612765,0.46095900333188466,6903,0.5721945614707009,0.3549731983323407,0.4316981132075472,2015,2015-16
1610612766,0.4444125663462918,6971,0.5550831078469269,0.34887073522345025,0.4081818181818182,2015,2015-16
1610612737,0.44416491963661775,7155,0.5426356589147286,0.3569144684252598,0.4072727272727273,2016,2016-17
1610612738,0.45031982942430704,7035,0.5709472107824785,0.33212833258020785,0.42293233082706766,2016,2016-17
1610612739,0.45757825370675453,7284,0.58065680259834,0.3612409689757756,0.3944020356234097,2016,2016-17
1610612740,0.45019865735032194,7299,0.5711260148252736,0.3529652351738241,0.4022038567493113,2016,2016-17
1610612741,0.4558388505423299,7099,0.5653495440729484,0.34464875058934463,0.4019900497512438,2016,2016-17
1610612742,0.46858113324069783,6477,0.6026545002073829,0.3799421407907425,0.4081826831588963,2016,2016-17
1610612743,0.4765452538631347,7248,0.5911173775114558,0.3752902926149559,0.4399641577060932,2016,2016-17
1610612744,0.4350977978388729,7311,0.5576131687242798,0.32367149758454106,0.37544802867383514,2016,2016-17
1610612745,0.4632171287400494,7286,0.6163566163566163,0.34323984930933443,0.38974358974358975,2016,2016-17
1610612746,0.45192170310044294,6999,0.5999189298743413,0.34958217270194986,0.40455616653574233,2016,2016-17
1610612747,0.48277328796256913,7053,0.6193525435787975,0.36971046770601335,0.41146881287726356,2016,2016-17
1610612748,0.4501738122827346,6904,0.548785046728972,0.3428111587982833,0.45180722891566266,2016,2016-17
1610612749,0.4581005586592179,6802,0.5742471443406023,0.35294117647058826,0.40611353711790393,2016,2016-17
1610612750,0.47532581637135746,6829,0.6012439530062198,0.36647085404428376,0.40513392857142855,2016,2016-17
1610612751,0.45831655255739023,7449,0.5648936170212766,0.3655913978494624,0.40875912408759124,2016,2016-17
1610612752,0.4549769649588161,7163,0.5642602784072516,0.34846519671422393,0.41239316239316237,2016,2016-17
1610612753,0.46660076260415195,7081,0.595553961993546,0.36742248958815366,0.3793103448275862,2016,2016-17
1610612754,0.4508611955420466,6909,0.5680587780355761,0.3553788195897865,0.4256619144602851,2016,2016-17
1610612755,0.46059917648729237,7043,0.576827975980219,0.3566536203522505,0.4114035087719298,2016,2016-17
1610612756,0.4667609618104668,7070,0.5821917808219178,0.38212135247799905,0.41069809610154123,2016,2016-17
1610612757,0.4545197340500778,7069,0.5321467490010897,0.37026239067055394,0.42952460383653046,2016,2016-17
1610612758,0.46204572098475966,6824,0.5926365795724465,0.36393176279447603,0.4240570846075433,2016,2016-17
1610612759,0.4433396695423307,6839,0.5376623376623376,0.34397528321318227,0.4047410008779631,2016,2016-17
1610612760,0.45941697627893685,6998,0.5528481012658227,0.3555992141453831,0.4114441416893733,2016,2016-17
1610612761,0.4487575356565211,6801,0.5589090909090909,0.35446428571428573,0.3864337101747174,2016,2016-17
1610612762,0.44295701323813774,6723,0.5414596866641193,0.35805763073639274,0.3922413793103448,2016,2016-17
1610612763,0.44300077339520494,6465,0.5623738393217602,0.35363201391909527,0.3931818181818182,2016,2016-17
1610612764,0.46617942103754656,6978,0.5874074074074074,0.3642086330935252,0.43857965451055664,2016,2016-17
1610612765,0.4603221083455344,6830,0.5791426215993405,0.3655862726406101,0.44191919191919193,2016,2016-17
1610612766,0.45642978003384094,7092,0.5608365019011406,0.3687888198757764,0.43195876288659796,2016,2016-17
1610612737,0.4693963697762769,7107,0.579119679883594,0.37673680031758633,0.42821576763485475,2017,2017-18
1610612738,0.43969597017065826,6973,0.57833450952717,0.3387665198237885,0.36211453744493394,2017,2017-18
1610612739,0.47374965460071844,7238,0.6034364261168385,0.3682588597842835,0.42418930762489043,2017,2017-18
1610612740,0.4540992305651366,7538,0.5736645117386866,0.35526315789473684,0.4091266719118804,2017,2017-18
1610612741,0.47224174279690795,7115,0.5957373667927123,0.3696788648244959,0.41901776384535006,2017,2017-18
1610612742,0.46855895196506553,6870,0.5994420087684337,0.36250518457071756,0.42489626556016596,2017,2017-18
1610612743,0.4760298045831576,7113,0.5773694390715667,0.37774957698815564,0.43067033976124885,2017,2017-18
1610612744,0.44661246612466127,7380,0.5713310580204778,0.3566053511705686,0.37857142857142856,2017,2017-18
1610612745,0.4623058287017244,7017,0.5887124028387969,0.35052854122621563,0.38995433789954337,2017,2017-18
1610612746,0.45850132072848604,7193,0.5833333333333334,0.3556721840936617,0.4075666380051591,2017,2017-18
1610612747,0.4564686737184703,7374,0.5746341463414634,0.3462940461725395,0.40555555555555556,2017,2017-18
1610612748,0.4495853339153208,6873,0.5522922636103151,0.3599266391563503,0.37828371278458844,2017,2017-18
1610612749,0.46751165501165504,6864,0.5748157641781481,0.3724168912848158,0.41012909632572,2017,2017-18
1610612750,0.47507922788821666,6942,0.6012249064307588,0.3661044837515426,0.3970149253731343,2017,2017-18
1610612751,0.4660485410417235,7334,0.5696969696969697,0.3686567164179104,0.43050847457627117,2017,2017-18
1610612752,0.45676744843176037,7078,0.5542662116040956,0.36768243785084204,0.4184466019417476,2017,2017-18
1610612753,0.46753065774804903,7176,0.5949074074074074,0.36238938053097347,0.4180543382997371,2017,2017-18
1610612754,0.46454767726161367,6953,0.5962596259625963,0.3485576923076923,0.4368159203980099,2017,2017-18
1610612755,0.4342379958246347,7185,0.5553863722877808,0.3415739596209312,0.41878367975365666,2017,2017-18
1610612756,0.47099257629914765,7274,0.5787176905001679,0.3732276897414512,0.4353448275862069,2017,2017-18
1610612757,0.4467480829309855,7042,0.525195173882186,0.36438733363928405,0.43174603174603177,2017,2017-18
1610612758,0.47003994673768307,6759,0.59147685525349,0.3774168600154679,0.4226457399103139,2017,2017-18
1610612759,0.45304586890464477,6911,0.5604274134119381,0.34818941504178275,0.41998497370398197,2017,2017-18
1610612760,0.45838779956427017,6885,0.5677570093457944,0.3669724770642202,0.41136141038197843,2017,2017-18
1610612761,0.44876727946415845,7017,0.5430800542740841,0.3572825024437928,0.41312741312741313,2017,2017-18
1610612762,0.44929453262786595,6804,0.5721058870011853,0.3650868137024871,0.39313572542901715,2017,2017-18
1610612763,0.4624259905875209,6587,0.5882136279926335,0.36769036600757254,0.3979695431472081,2017,2017-18
1610612764,0.46183868169991327,6918,0.6051208077893978,0.3489343919765984,0.3860329776915616,2017,2017-18
1610612765,0.4587864911276474,6988,0.5877192982456141,0.35931935100910173,0.4079515989628349,2017,2017-18
1610612766,0.46812057230170856,7199,0.5959939531368103,0.3753546817997568,0.42594075260208164,2017,2017-18
1610612737,0.47296750707833357,7417,0.5790297339593115,0.35921985815602836,0.4441176470588235,2018,2018-19
1610612738,0.4484907227914705,7222,0.5640254095620194,0.3435225618631732,0.39457831325301207,2018,2018-19
1610612739,0.4951035254616676,7148,0.6305385139740968,0.3799227799227799,0.42792792792792794,2018,2018-19
1610612740,0.46636005256241786,7610,0.5870692284232998,0.36370209689081706,0.3968253968253968,2018,2018-19
1610612741,0.4734827774740295,7316,0.5930568948891032,0.3654485049833887,0.4310160427807487,2018,2018-19
1610612742,0.45892002734107995,7315,0.5884136072751768,0.344206974128234,0.4008810572687225,2018,2018-19
1610612743,0.45821569734613216,7084,0.5654402895054282,0.33880825057295644,0.4200863930885529,2018,2018-19
1610612744,0.44371570070940974,7471,0.5751385041551247,0.3468942971304032,0.37159372419488024,2018,2018-19
1610612745,0.4662257247396566,7106,0.5917602996254682,0.3400163666121113,0.40443213296398894,2018,2018-19
1610612746,0.4570093457943925,7490,0.5783322804801011,0.34275333064190555,0.40098199672667756,2018,2018-19
1610612747,0.45177398160315374,7610,0.5584070796460177,0.3487787356321839,0.39900990099009903,2018,2018-19
1610612748,0.4413996627318718,7116,0.5329260013577732,0.35811556864188443,0.4102325581395349,2018,2018-19
1610612749,0.433172512713522,7669,0.5293900184842883,0.3605510752688172,0.4087018544935806,2018,2018-19
1610612750,0.46737070132683456,7386,0.5800733496332519,0.3782703488372093,0.40832507433102083,2018,2018-19
1610612751,0.45640416831552566,7581,0.5656005221932114,0.3411102172164119,0.4561664190193165,2018,2018-19
1610612752,0.46708378672470074,7352,0.5801618219958046,0.36251402918069586,0.4114583333333333,2018,2018-19
1610612753,0.4556715379262352,7185,0.5729673384294649,0.3466666666666667,0.41659951651893634,2018,2018-19
1610612754,0.4500637484062898,7059,0.5682356925160853,0.35396885681731866,0.38645833333333335,2018,2018-19
1610612755,0.45536903810285106,7506,0.5680796403339756,0.34212662337662336,0.4151111111111111,2018,2018-19
1610612756,0.48160442600276626,7230,0.5909496874069664,0.37163814180929094,0.3893709327548807,2018,2018-19
1610612757,0.4565276273022752,7384,0.56102298478472,0.3593941874744167,0.4077181208053691,2018,2018-19
1610612758,0.46635262449528936,7430,0.5920731707317073,0.3475502291152626,0.39933993399339934,2018,2018-19
1610612759,0.46287734566222466,7354,0.582314881380302,0.35884988797610157,0.4441687344913151,2018,2018-19
1610612760,0.4597084708470847,7272,0.5578821417888125,0.3557098765432099,0.39855072463768115,2018,2018-19
1610612761,0.44912948857453755,7352,0.5516356638871072,0.34466588511137164,0.41379310344827586,2018,2018-19
1610612762,0.4516751688956294,7253,0.5418937329700273,0.35459744830620327,0.4103671706263499,2018,2018-19
1610612763,0.45099473376243415,6836,0.5575342465753425,0.3603637741568776,0.40822784810126583,2018,2018-19
1610612764,0.4795258620689655,7424,0.6075053829590895,0.36965414652287093,0.3822269807280514,2018,2018-19
1610612765,0.46936432773712156,6969,0.6006849315068493,0.34503950834064967,0.43017241379310345,2018,2018-19
1610612766,0.46997674736698125,7311,0.5938989513822688,0.3609898107714702,0.41865509761388287,2018,2018-19
1610612737,0.4776242184929253,6078,0.5891328619278006,0.3632634457611668,0.42757009345794394,2019,2019-20
1610612738,0.4409700063816209,6268,0.564855216184054,0.33985623003194887,0.38513513513513514,2019,2019-20
1610612739,0.49062123558767856,5811,0.6211350293542074,0.37517498833411106,0.424,2019,2019-20
1610612740,0.4654363938889729,6611,0.5761412862379207,0.3609515996718622,0.4072769953051643,2019,2019-20
1610612741,0.47874720357941836,5364,0.6003861003861004,0.35294117647058826,0.43344155844155846,2019,2019-20
1610612742,0.45762958648806057,6868,0.5742747291156938,0.351434034416826,0.4092276830491474,2019,2019-20
1610612743,0.4625257486927587,6311,0.5846262341325811,0.357864941366761,0.3993055555555556,2019,2019-20
1610612744,0.4762152777777778,5760,0.5963302752293578,0.38876603272888105,0.4041013268998794,2019,2019-20
1610612745,0.46213385946274094,6589,0.5910520796924152,0.34892942109436953,0.37139807897545357,2019,2019-20
1610612746,0.438250692947336,6494,0.5637744902039185,0.34528448947778645,0.4068825910931174,2019,2019-20
1610612747,0.44819783416841763,6187,0.5558112773302647,0.34850400337126003,0.40380047505938244,2019,2019-20
1610612748,0.44751817894404045,6326,0.5840466926070039,0.34725753723211045,0.3801452784503632,2019,2019-20
1610612749,0.4143106965899155,6862,0.5052943667937315,0.3552769070010449,0.4042037186742118,2019,2019-20
1610612750,0.47701348081576217,5786,0.5973920130399348,0.3627450980392157,0.4337485843714609,2019,2019-20
1610612751,0.4457236842105263,6688,0.5545561204536567,0.3500998003992016,0.41323024054982815,2019,2019-20
1610612752,0.46336738288129625,5678,0.5809110629067246,0.3808076422058185,0.40404040404040403,2019,2019-20
1610612753,0.46492196121708973,6343,0.5771360759493671,0.3640440277211578,0.4240246406570842,2019,2019-20
1610612754,0.4463539247561542,6459,0.5558823529411765,0.34093686354378816,0.4055023923444976,2019,2019-20
1610612755,0.46294820717131474,6275,0.6002444987775061,0.35335195530726254,0.4018957345971564,2019,2019-20
1610612756,0.47209156475384134,6378,0.5803921568627451,0.363169164882227,0.41735052754982416,2019,2019-20
1610612757,0.4556850022120631,6781,0.5511651469098278,0.3829705994654448,0.38965153115100315,2019,2019-20
1610612758,0.47060734004546934,6158,0.6050485436893204,0.3567438148443735,0.4246737841043891,2019,2019-20
1610612759,0.4692283661355826,6402,0.5808197989172467,0.37344564781387884,0.4136069114470842,2019,2019-20
1610612760,0.455066625348621,6454,0.5696060037523453,0.339874739039666,0.4222689075630252,2019,2019-20
1610612761,0.42789746815537033,6359,0.5262379896526238,0.3370264474624732,0.3862857142857143,2019,2019-20
1610612762,0.45659965716066697,6417,0.5798937474458521,0.3534675615212528,0.43210930828351835,2019,2019-20
1610612763,0.4496359223300971,6592,0.557685080796693,0.36511627906976746,0.4179254783484391,2019,2019-20
1610612764,0.4878202105924878,6363,0.6086298258894777,0.3755238893545683,0.4293849658314351,2019,2019-20
1610612765,0.48022206800832756,5764,0.6018668831168831,0.36116803278688525,0.43687150837988825,2019,2019-20
1610612766,0.47592267135325134,5690,0.5902198635329795,0.3523475208424748,0.450920245398773,2019,2019-20
1610612737,0.46291679650981615,6418,0.5702602230483271,0.348780487804878,0.44150559511698884,2020,2020-21
1610612738,0.4643837829106768,6191,0.5831918505942275,0.37403962798220786,0.43018480492813144,2020,2020-21
1610612739,0.48422738190552445,6245,0.5742857142857143,0.38260497000856897,0.46118192352259557,2020,2020-21
1610612740,0.46897838594308816,6431,0.5879828326180258,0.37996357012750454,0.41630901287553645,2020,2020-21
1610612741,0.4725170283541898,6313,0.5861678004535147,0.35609965635738833,0.45112781954887216,2020,2020-21
1610612742,0.4602009889934599,6269,0.5738379267791033,0.3646038628301143,0.43776824034334766,2020,2020-21
1610612743,0.4688567246706782,6149,0.5975513428120063,0.36342412451361866,0.42454954954954954,2020,2020-21
1610612744,0.45209113607990015,6408,0.5652872639614303,0.3591293833131802,0.425531914893617,2020,2020-21
1610612745,0.47964436125409454,6411,0.5952557449962935,0.3815165876777251,0.44385026737967914,2020,2020-21
1610612746,0.4639241523381006,6223,0.5823817292006526,0.35583084152071764,0.440419447092469,2020,2020-21
1610612747,0.46005465359267,6221,0.575084681972149,0.35243429556225764,0.41487068965517243,2020,2020-21
1610612748,0.4586931725598827,6137,0.5790589232725731,0.36496090973702916,0.4012987012987013,2020,2020-21
1610612749,0.45633971291866027,6688,0.5602071644367717,0.38444924406047515,0.44150298889837747,2020,2020-21
1610612750,0.482103952692188,6426,0.5789285714285715,0.3917910447761194,0.4471718249733191,2020,2020-21
1610612751,0.4589989350372737,6573,0.5630026809651475,0.36478711162255467,0.4190207156308851,2020,2020-21
1610612752,0.43968432919954903,6209,0.5488354620586026,0.3368421052631579,0.41366459627329194,2020,2020-21
1610612753,0.47072490706319703,6456,0.5956607495069034,0.3725934314835787,0.4153182308522114,2020,2020-21
1610612754,0.4677615571776156,6576,0.5635340833884844,0.3655629139072848,0.42245989304812837,2020,2020-21
1610612755,0.4529477552324653,6259,0.5868,0.36038687973086625,0.39429175475687106,2020,2020-21
1610612756,0.4667093469910371,6248,0.5981996726677578,0.354387452310301,0.4271255060728745,2020,2020-21
1610612757,0.47317073170731705,6355,0.5813186813186814,0.37209302325581395,0.44170403587443946,2020,2020-21
1610612758,0.48757378067722895,6438,0.6034921789741724,0.38016177096636866,0.4502118644067797,2020,2020-21
1610612759,0.4722522801051167,6469,0.5600568585643213,0.37659574468085105,0.46233230134158926,2020,2020-21
1610612760,0.4729668332576102,6603,0.5990514410798978,0.3638392857142857,0.4476987447698745,2020,2020-21
1610612761,0.4605673061157567,6099,0.5750972762645914,0.37902309731162437,0.39203084832904883,2020,2020-21
1610612762,0.44719647469989365,6581,0.5580357142857143,0.34147405146096815,0.4271239282930631,2020,2020-21
1610612763,0.4623453890715516,6387,0.5710881652104846,0.3665874901029295,0.46301633045148893,2020,2020-21
1610612764,0.4705793145283591,6594,0.5880052151238592,0.3694845360824742,0.4421768707482993,2020,2020-21
1610612765,0.476038338658147,6260,0.5797891675754271,0.36150442477876105,0.45045045045045046,2020,2020-21
1610612766,0.4683265048849669,6346,0.5776462395543176,0.36599929750614685,0.43255131964809385,2020,2020-21
1610612737,0.4709350150808884,7294,0.5932203389830508,0.3639196675900277,0.4312169312169312,2021,2021-22
1610612738,0.43442736463093756,7221,0.5625965996908809,0.3388111888111888,0.40382941688424717,2021,2021-22
1610612739,0.4524608501118568,7152,0.5544161429043996,0.3528114663726571,0.4293527803099362,2021,2021-22
1610612740,0.47096590098444857,7009,0.6041509433962264,0.3652591829728802,0.44495412844036697,2021,2021-22
1610612741,0.47377963737796375,7170,0.589348732755855,0.366412213740458,0.4248046875,2021,2021-22
1610612742,0.4567918868733038,7001,0.5840989399293286,0.3396584440227704,0.4311624072547403,2021,2021-22
1610612743,0.4697265625,7168,0.6086355785837652,0.3460441910192445,0.4464446444644464,2021,2021-22
1610612744,0.4382924767540152,7098,0.574635241301908,0.33921302578018997,0.39416058394160586,2021,2021-22
1610612745,0.48304854895579064,7374,0.611251580278129,0.3533378287255563,0.46477495107632094,2021,2021-22
1610612746,0.4498116254036599,7432,0.5639934533551555,0.3446043165467626,0.4134125636672326,2021,2021-22
1610612747,0.47023168103448276,7424,0.5977408220897396,0.351618398637138,0.419740777666999,2021,2021-22
1610612748,0.4469939006680221,6886,0.5776587605202754,0.33906947100063733,0.42231075697211157,2021,2021-22
1610612749,0.45633158390526174,7431,0.5836501901140685,0.3563701923076923,0.4423076923076923,2021,2021-22
1610612750,0.4604216110568198,7163,0.5706641485678313,0.34977139124755063,0.4097297297297297,2021,2021-22
1610612751,0.45165652467883705,7395,0.567479674796748,0.3449899125756557,0.42015209125475284,2021,2021-22
1610612752,0.4473758865248227,7050,0.5665842458495232,0.3423482849604222,0.4337851929092805,2021,2021-22
1610612753,0.45835616438356164,7300,0.5796038151137197,0.3632091305807318,0.43351063829787234,2021,2021-22
1610612754,0.483222407099279,7212,0.5918901242642249,0.3724007561436673,0.4441489361702128,2021,2021-22
1610612755,0.4583626884599126,7097,0.5886778932282336,0.34583952451708766,0.4175918018787361,2021,2021-22
1610612756,0.444014910948502,7243,0.5710909807010635,0.33975044563279855,0.4247266610597141,2021,2021-22
1610612757,0.4787792760823279,7045,0.5915085236410421,0.3706500328299409,0.4218390804597701,2021,2021-22
1610612758,0.4793377305155472,7429,0.5951156812339332,0.37185754189944137,0.43786407766990293,2021,2021-22
1610612759,0.465819397993311,7475,0.5755233494363929,0.3599419448476052,0.4365079365079365,2021,2021-22
1610612760,0.4578897722678884,7421,0.5756445047489823,0.35257016713970357,0.4595701125895599,2021,2021-22
1610612761,0.4620609914727562,6919,0.5773648648648648,0.35442153093324014,0.4223790322580645,2021,2021-22
1610612762,0.4528559715769336,7318,0.5740810913224706,0.350370109270356,0.4328136599851522,2021,2021-22
1610612763,0.45467051864080343,7269,0.5752151462994837,0.349009900990099,0.42564559216384684,2021,2021-22
1610612764,0.46438863729930013,7287,0.6149511645379414,0.3609512850019179,0.42044581091468103,2021,2021-22
1610612765,0.47269890795631825,7051,0.58656330749354,0.3620689655172414,0.43043478260869567,2021,2021-22
1610612766,0.466161342717921,7388,0.5755282245348471,0.3621451104100946,0.42248908296943233,2021,2021-22
1610612737,0.48553663152203297,7398,0.5983313468414779,0.3562590975254731,0.4528130671506352,2022,2022-23
1610612738,0.46321341628347307,7394,0.5965045592705167,0.34527687296416937,0.4338292873923258,2022,2022-23
1610612739,0.46750401635752886,6847,0.5812861271676301,0.3684210526315789,0.4214876033057851,2022,2022-23
1610612740,0.4724841660802252,7105,0.6220095693779905,0.33931594988147645,0.41470888661899896,2022,2022-23
1610612741,0.46751610193223186,7142,0.5887203166226913,0.35700197238658776,0.4174972314507198,2022,2022-23
1610612742,0.4847841472045294,7065,0.6042367182246133,0.3516949152542373,0.46404682274247494,2022,2022-23
1610612743,0.47767234161317335,7166,0.6135770234986945,0.34415344891184063,0.4274952919020716,2022,2022-23
1610612744,0.4685437154789169,7423,0.5872199779654792,0.36363636363636365,0.4455611390284757,2022,2022-23
1610612745,0.4815942430113479,7226,0.6171016483516484,0.3735469682689287,0.4298245614035088,2022,2022-23
1610612746,0.4735606792765429,7243,0.5953375086986779,0.36523009495982467,0.45204336947456214,2022,2022-23
1610612747,0.46856326318524294,7698,0.5905537459283388,0.3436977599465062,0.4559417946645109,2022,2022-23
1610612748,0.48197009674582236,6822,0.613556680950526,0.36720081827480394,0.4726947179946285,2022,2022-23
1610612749,0.4556514913657771,7644,0.5823262839879154,0.35405501964987496,0.44776119402985076,2022,2022-23
1610612750,0.47107324446887455,7277,0.5813878080415046,0.3691348973607038,0.42857142857142855,2022,2022-23
1610612751,0.46300124018189337,7257,0.572718779196512,0.36666666666666664,0.41800947867298577,2022,2022-23
1610612752,0.4624429381657214,7229,0.5650544959128065,0.356951871657754,0.4583706356311549,2022,2022-23
1610612753,0.4755156447313035,7127,0.6223499820337764,0.35115511551155115,0.45514636449480644,2022,2022-23
1610612754,0.4846374436706268,7323,0.585380467345716,0.37285034760336627,0.45652173913043476,2022,2022-23
1610612755,0.4728051391862955,7005,0.6100583090379009,0.34808043875685557,0.4417744916820702,2022,2022-23
1610612756,0.46564452015900054,7044,0.5974820143884892,0.3569254185692542,0.4239592183517417,2022,2022-23
1610612757,0.4908026755852843,7176,0.6056466302367942,0.3787265366212735,0.4476987447698745,2022,2022-23
1610612758,0.49245334796926454,7288,0.6062966569295684,0.372992700729927,0.47614840989399293,2022,2022-23
1610612759,0.5067024128686327,7460,0.6187384044526901,0.3907959260656356,0.48095659875996455,2022,2022-23
1610612760,0.47393822393822393,7252,0.5740857503152585,0.3583756345177665,0.46852425180598556,2022,2022-23
1610612761,0.490521327014218,6752,0.6053361053361054,0.3740657698056801,0.4715447154471545,2022,2022-23
1610612762,0.47305389221556887,7515,0.5811161583387411,0.36148409893992933,0.44493006993006995,2022,2022-23
1610612763,0.45349626612355737,7365,0.570299637800461,0.3552368245496998,0.4185587364264561,2022,2022-23
1610612764,0.472769251663724,7363,0.608408617095205,0.36607142857142855,0.43094841930116473,2022,2022-23
1610612765,0.4891996676820825,7222,0.6159466327827192,0.3601756954612006,0.4346938775510204,2022,2022-23
1610612766,0.4765255039913408,7391,0.5807153965785381,0.35704125177809387,0.46839080459770116,2022,2022-23
1610612737,0.49486069786313225,7394,0.6046093983837174,0.3839973217274858,0.44454976303317534,2023,2023-24
1610612738,0.45282767797737855,7515,0.5744203440538519,0.35206117021276595,0.44426362896663957,2023,2023-24
1610612739,0.4630713489409142,7176,0.5789110957960028,0.3710782545979084,0.4258010118043845,2023,2023-24
1610612740,0.46359189378057303,7155,0.5934931506849315,0.34918136020151136,0.4358706986444213,2023,2023-24
1610612741,0.4725844902538213,7131,0.5899540380827315,0.36970633693972177,0.43640897755610975,2023,2023-24
1610612742,0.4751112909753136,7413,0.5942450695118009,0.36802464909277643,0.44754653130287647,2023,2023-24
1610612743,0.4621359223300971,7210,0.5652887139107612,0.35523772709702356,0.42544570502431117,2023,2023-24
1610612744,0.4656776803776129,7415,0.5909580193756727,0.3590759075907591,0.42237061769616024,2023,2023-24
1610612745,0.46277331857182397,7226,0.5825479930191972,0.3484848484848485,0.453839516824849,2023,2023-24
1610612746,0.4683040614709111,7288,0.5905616483881688,0.36319779462439694,0.4239028944911298,2023,2023-24
1610612747,0.473917002731885,7687,0.5953177257525084,0.3763267931810872,0.43327702702702703,2023,2023-24
1610612748,0.46726190476190477,7056,0.5934107076001498,0.35255135851557323,0.44465116279069766,2023,2023-24
1610612749,0.47008093405864404,7537,0.5939327485380117,0.35623058336209873,0.47007397444519167,2023,2023-24
1610612750,0.4495361259488333,7114,0.5538738738738739,0.35425330812854444,0.4444444444444444,2023,2023-24
1610612751,0.47002067539627845,7255,0.5869346733668341,0.37207678883071554,0.42695570216776624,2023,2023-24
1610612752,0.4702533447196129,7026,0.5683269476372924,0.3654461429079275,0.4367469879518072,2023,2023-24
1610612753,0.47414294015107494,6884,0.5885734818541143,0.3584977238239757,0.4602739726027397,2023,2023-24
1610612754,0.4962640945523706,7361,0.5954751131221719,0.36480865224625625,0.49456066945606697,2023,2023-24
1610612755,0.46801916032685265,7098,0.6005335111703901,0.35406871609403257,0.4025974025974026,2023,2023-24
1610612756,0.46365105008077545,7428,0.5800653594771242,0.3641912512716175,0.4148936170212766,2023,2023-24
1610612757,0.4905686936936937,7104,0.6331243813922798,0.3505494505494505,0.4659090909090909,2023,2023-24
1610612758,0.47989879111610906,7114,0.5968624589565852,0.387027027027027,0.43781512605042017,2023,2023-24
1610612759,0.4866578599735799,7570,0.5962368908081431,0.3726262988176281,0.4523411371237458,2023,2023-24
1610612760,0.454520622780661,7322,0.5455668829162805,0.3607470511140236,0.4323017408123791,2023,2023-24
1610612761,0.4907704654895666,7476,0.6190325640214985,0.37596508895602554,0.4281496062992126,2023,2023-24
1610612762,0.48661606072712743,7509,0.6054490413723511,0.395114006514658,0.455637707948244,2023,2023-24
1610612763,0.4743265993265993,7128,0.5776619993487463,0.3779690189328744,0.46265560165975106,2023,2023-24
1610612764,0.49579942242058284,7618,0.634597875569044,0.3619698058950395,0.4364937388193202,2023,2023-24
1610612765,0.4900698534447336,7301,0.6133636068764191,0.36950037285607756,0.4377358490566038,2023,2023-24
1610612766,0.49436795994993743,7191,0.6112161310649024,0.3770657672849916,0.46559633027522934,2023,2023-24
1610612737,0.48148148148148145,7398,0.5848750405712431,0.3773402194964493,0.4587488667271079,2024,2024-25
1610612738,0.4504160414677397,7331,0.5685767097966729,0.34692535350213743,0.46218487394957986,2024,2024-25
1610612739,0.45371612557016366,7454,0.5630538513974097,0.3590243902439024,0.43855421686746987,2024,2024-25
1610612740,0.4832187626364739,7419,0.6028544834005585,0.36454849498327757,0.45758661887694146,2024,2024-25
1610612741,0.4674624566807855,7791,0.591875,0.344,0.43731490621915103,2024,2024-25
1610612742,0.4694854407658556,7521,0.5738255033557047,0.36282271944922545,0.4660944206008584,2024,2024-25
1610612743,0.4658539782409228,7629,0.5979208584842388,0.3646687697160883,0.42756460454189504,2024,2024-25
1610612744,0.4653381981476284,7126,0.5806700038505969,0.3629032258064516,0.4638655462184874,2024,2024-25
1610612745,0.45858641634456104,7244,0.5881326352530541,0.3565125308859866,0.4178250204415372,2024,2024-25
1610612746,0.46075085324232085,7032,0.597911227154047,0.35023041474654376,0.42613636363636365,2024,2024-25
1610612747,0.46345129115999456,7319,0.5903038579720041,0.3559539052496799,0.4218009478672986,2024,2024-25
1610612748,0.46584962820159737,7262,0.5910543130990416,0.35960115792859443,0.43956043956043955,2024,2024-25
1610612749,0.45684464070654357,7473,0.5933188090050835,0.3527227722772277,0.4444444444444444,2024,2024-25
1610612750,0.46014141134063496,7213,0.5615410842141152,0.35266191929467616,0.4507512520868113,2024,2024-25
1610612751,0.4800984223476625,6909,0.590779014308426,0.36168032786885246,0.44196951934349354,2024,2024-25
1610612752,0.4742769744160178,7192,0.600396956665564,0.36662106703146374,0.43498596819457436,2024,2024-25
1610612753,0.46781437125748504,6680,0.5857879234167894,0.3648385842084792,0.4384191176470588,2024,2024-25
1610612754,0.47375559473755596,7373,0.5906451612903226,0.3552719946272666,0.44598612487611494,2024,2024-25
1610612755,0.4881989322843495,7118,0.607976653696498,0.3784046692607004,0.42280285035629456,2024,2024-25
1610612756,0.4729217438396967,7386,0.612417340191036,0.3697933227344992,0.44815465729349735,2024,2024-25
1610612757,0.47112462006079026,7238,0.5798013245033112,0.36130374479889044,0.4577205882352941,2024,2024-25
1610612758,0.47373540856031127,7196,0.5979342004590665,0.3810284254231875,0.42896174863387976,2024,2024-25
1610612759,0.4738368261499934,7587,0.5758873929008568,0.36484810911345317,0.46331658291457284,2024,2024-25
1610612760,0.43604488078541376,7130,0.5420393559928444,0.34232558139534885,0.4279918864097363,2024,2024-25
1610612761,0.46630764982049155,7242,0.5915171288743882,0.348852247009376,0.4426229508196721,2024,2024-25
1610612762,0.47953293098924166,7622,0.6114934618031659,0.3582133411695563,0.467360454115421,2024,2024-25
1610612763,0.45623588790011954,7529,0.5779286926994907,0.35975232198142415,0.4150779896013865,2024,2024-25
1610612764,0.47076599658389173,7611,0.6175569921742089,0.3641456582633053,0.4159369527145359,2024,2024-25
1610612765,0.4613037447988904,7210,0.5634719710669078,0.3664047151277014,0.46111111111111114,2024,2024-25
1610612766,0.46743452625805565,7293,0.5926966292134831,0.35489777235276165,0.4593202883625129,2024,2024-25
